order_id,customer_id,product,quantity,unit_price,total_amount,order_date,region,sales_rep,customer_age
ORD-00001,CUST-0051,Webcam,2,600.55,1201.1,2025-05-30 23:30:49.686281,Central,Charlie,60
ORD-00002,CUST-0054,Webcam,1,541.0,541.0,2025-06-20 23:30:49.686281,South,Diana,42
ORD-00003,CUST-0183,Mouse,5,111.18,555.9,2025-08-24 23:30:49.686281,South,Frank,55
ORD-00004,CUST-0093,Laptop,4,308.77,1235.08,2025-03-13 23:30:49.686281,Central,Alice,23
ORD-00005,CUST-0007,Monitor,5,455.9,2279.5,2025-06-21 23:30:49.686281,West,Bob,37
ORD-00006,CUST-0053,Webcam,5,207.19,1035.95,2025-09-01 23:30:49.686281,East,Charlie,23
ORD-00007,CUST-0154,Webcam,2,514.87,1029.74,2025-01-12 23:30:49.686281,West,Charlie,56
ORD-00008,CUST-0068,Headphones,2,513.08,1026.16,2024-12-16 23:30:49.686281,Central,Frank,36
ORD-00009,CUST-0101,Monitor,4,271.98,1087.92,2025-05-30 23:30:49.686281,Central,Bob,35
ORD-00010,CUST-0105,Phone,3,253.34,760.02,2025-04-19 23:30:49.686281,South,Charlie,40
ORD-00011,CUST-0065,Laptop,1,368.89,368.89,2025-08-23 23:30:49.686281,Central,Eve,29
ORD-00012,CUST-0122,Phone,5,423.77,2118.85,2025-09-16 23:30:49.686281,South,Alice,43
ORD-00013,CUST-0048,Laptop,5,743.78,3718.9,2025-07-15 23:30:49.686281,East,Charlie,41
ORD-00014,CUST-0191,Headphones,2,991.92,1983.84,2025-06-11 23:30:49.686281,East,Charlie,41
ORD-00015,CUST-0029,Webcam,3,446.13,1338.39,2025-07-10 23:30:49.686281,East,Bob,62
ORD-00016,CUST-0062,Keyboard,1,286.73,286.73,2024-12-04 23:30:49.686281,Central,Alice,53
ORD-00017,CUST-0095,Tablet,4,797.25,3189.0,2025-08-24 23:30:49.686281,North,Charlie,29
ORD-00018,CUST-0159,Webcam,1,790.85,790.85,2024-11-06 23:30:49.686281,East,Bob,47
ORD-00019,CUST-0031,Webcam,2,916.73,1833.46,2025-05-17 23:30:49.686281,East,Eve,37
ORD-00020,CUST-0148,Monitor,4,87.51,350.04,2025-04-07 23:30:49.686281,East,Eve,56
ORD-00021,CUST-0061,Keyboard,5,597.41,2987.05,2025-06-08 23:30:49.686281,West,Charlie,47
ORD-00022,CUST-0031,Laptop,5,707.07,3535.35,2025-05-10 23:30:49.686281,West,Diana,43
ORD-00023,CUST-0200,Mouse,4,32.78,131.12,2025-03-16 23:30:49.686281,South,Charlie,44
ORD-00024,CUST-0118,Keyboard,2,677.54,1355.08,2025-04-13 23:30:49.686281,South,Alice,31
ORD-00025,CUST-0145,Keyboard,4,62.01,248.04,2025-08-12 23:30:49.686281,North,Eve,58
ORD-00026,CUST-0134,Webcam,3,577.88,1733.64,2025-08-05 23:30:49.686281,South,Frank,45
ORD-00027,CUST-0007,Monitor,1,622.14,622.14,2024-10-13 23:30:49.686281,West,Alice,42
ORD-00028,CUST-0092,Mouse,3,141.05,423.15,2024-10-19 23:30:49.686281,West,Frank,20
ORD-00029,CUST-0181,Laptop,2,260.48,520.96,2025-02-27 23:30:49.686281,West,Frank,44
ORD-00030,CUST-0074,Webcam,1,35.59,35.59,2024-10-24 23:30:49.686281,South,Diana,53
ORD-00031,CUST-0008,Laptop,4,919.92,3679.68,2024-10-23 23:30:49.686281,West,Alice,33
ORD-00032,CUST-0191,Tablet,4,720.42,2881.68,2024-11-16 23:30:49.686281,East,Alice,35
ORD-00033,CUST-0118,Monitor,5,929.78,4648.9,2025-06-14 23:30:49.686281,West,Bob,49
ORD-00034,CUST-0087,Laptop,4,601.63,2406.52,2025-05-03 23:30:49.686281,West,Eve,32
ORD-00035,CUST-0088,Keyboard,3,599.16,1797.48,2025-04-17 23:30:49.686281,West,Alice,40
ORD-00036,CUST-0041,Mouse,3,688.68,2066.04,2025-06-09 23:30:49.686281,North,Eve,68
ORD-00037,CUST-0103,Laptop,5,694.64,3473.2,2025-08-17 23:30:49.686281,Central,Charlie,23
ORD-00038,CUST-0043,Laptop,2,513.18,1026.36,2025-01-01 23:30:49.686281,Central,Frank,60
ORD-00039,CUST-0152,Webcam,5,878.06,4390.3,2024-12-08 23:30:49.686281,South,Diana,39
ORD-00040,CUST-0070,Monitor,3,279.14,837.42,2024-10-14 23:30:49.686281,West,Charlie,29
ORD-00041,CUST-0025,Monitor,4,611.04,2444.16,2025-03-05 23:30:49.686281,East,Diana,18
ORD-00042,CUST-0067,Mouse,2,297.55,595.1,2024-12-22 23:30:49.686281,Central,Frank,66
ORD-00043,CUST-0115,Keyboard,3,227.25,681.75,2025-08-07 23:30:49.686281,Central,Alice,58
ORD-00044,CUST-0071,Keyboard,3,470.25,1410.75,2024-12-30 23:30:49.686281,East,Eve,65
ORD-00045,CUST-0071,Keyboard,4,278.91,1115.64,2025-01-30 23:30:49.686281,East,Frank,34
ORD-00046,CUST-0060,Headphones,4,186.69,746.76,2025-03-21 23:30:49.686281,East,Frank,68
ORD-00047,CUST-0197,Keyboard,4,157.83,631.32,2025-05-30 23:30:49.686281,East,Frank,62
ORD-00048,CUST-0176,Keyboard,3,671.95,2015.85,2025-04-15 23:30:49.686281,South,Diana,32
ORD-00049,CUST-0181,Phone,3,534.38,1603.14,2024-11-26 23:30:49.686281,West,Frank,46
ORD-00050,CUST-0011,Monitor,4,241.17,964.68,2025-03-24 23:30:49.686281,Central,Frank,43
ORD-00051,CUST-0191,Keyboard,2,819.38,1638.76,2025-01-06 23:30:49.686281,East,Alice,43
ORD-00052,CUST-0061,Webcam,2,937.36,1874.72,2025-05-19 23:30:49.686281,North,Eve,35
ORD-00053,CUST-0081,Tablet,4,368.1,1472.4,2025-03-31 23:30:49.686281,Central,Diana,24
ORD-00054,CUST-0066,Keyboard,3,815.23,2445.69,2025-04-08 23:30:49.686281,South,Bob,23
ORD-00055,CUST-0131,Phone,1,264.18,264.18,2024-11-23 23:30:49.686281,South,Bob,22
ORD-00056,CUST-0106,Phone,5,729.59,3647.95,2025-04-06 23:30:49.686281,East,Frank,47
ORD-00057,CUST-0010,Webcam,4,768.79,3075.16,2024-10-06 23:30:49.686281,South,Eve,22
ORD-00058,CUST-0112,Keyboard,3,358.77,1076.31,2025-04-12 23:30:49.686281,Central,Charlie,56
ORD-00059,CUST-0107,Headphones,4,395.8,1583.2,2025-06-26 23:30:49.686281,Central,Alice,64
ORD-00060,CUST-0111,Phone,2,573.01,1146.02,2024-10-05 23:30:49.686281,East,Bob,67
ORD-00061,CUST-0019,Monitor,1,997.33,997.33,2025-07-16 23:30:49.686281,Central,Alice,64
ORD-00062,CUST-0019,Headphones,2,730.11,1460.22,2025-08-26 23:30:49.686281,North,Charlie,62
ORD-00063,CUST-0004,Laptop,1,193.85,193.85,2024-11-22 23:30:49.686281,West,Frank,36
ORD-00064,CUST-0004,Keyboard,4,942.13,3768.52,2024-09-27 23:30:49.686281,East,Alice,44
ORD-00065,CUST-0091,Webcam,2,441.23,882.46,2024-11-17 23:30:49.686281,West,Frank,68
ORD-00066,CUST-0005,Mouse,2,337.62,675.24,2025-05-15 23:30:49.686281,Central,Bob,70
ORD-00067,CUST-0184,Phone,1,921.42,921.42,2024-11-17 23:30:49.686281,West,Bob,35
ORD-00068,CUST-0161,Headphones,1,964.78,964.78,2025-04-20 23:30:49.686281,South,Frank,36
ORD-00069,CUST-0043,Mouse,1,690.64,690.64,2025-05-14 23:30:49.686281,East,Bob,66
ORD-00070,CUST-0041,Mouse,5,515.05,2575.25,2025-05-01 23:30:49.686281,North,Charlie,45
ORD-00071,CUST-0088,Mouse,2,504.96,1009.92,2025-09-23 23:30:49.686281,Central,Frank,44
ORD-00072,CUST-0084,Monitor,2,210.9,421.8,2025-07-19 23:30:49.686281,East,Diana,37
ORD-00073,CUST-0160,Phone,1,119.0,119.0,2025-08-18 23:30:49.686281,West,Diana,19
ORD-00074,CUST-0113,Laptop,1,978.69,978.69,2024-10-27 23:30:49.686281,East,Frank,64
ORD-00075,CUST-0156,Webcam,5,888.9,4444.5,2024-09-25 23:30:49.686281,Central,Diana,28
ORD-00076,CUST-0147,Monitor,4,551.79,2207.16,2024-10-25 23:30:49.686281,North,Frank,46
ORD-00077,CUST-0107,Laptop,2,248.96,497.92,2025-08-13 23:30:49.686281,North,Diana,49
ORD-00078,CUST-0115,Keyboard,3,485.68,1457.04,2025-08-03 23:30:49.686281,North,Diana,20
ORD-00079,CUST-0072,Monitor,5,425.19,2125.95,2025-06-01 23:30:49.686281,South,Diana,63
ORD-00080,CUST-0033,Webcam,2,508.26,1016.52,2024-10-04 23:30:49.686281,South,Bob,65
ORD-00081,CUST-0139,Webcam,3,63.04,189.12,2025-06-23 23:30:49.686281,Central,Eve,28
ORD-00082,CUST-0119,Monitor,4,304.63,1218.52,2024-10-19 23:30:49.686281,West,Frank,57
ORD-00083,CUST-0188,Mouse,2,367.53,735.06,2024-11-21 23:30:49.686281,Central,Bob,68
ORD-00084,CUST-0026,Monitor,5,439.71,2198.55,2025-01-05 23:30:49.686281,East,Alice,20
ORD-00085,CUST-0131,Headphones,5,320.18,1600.9,2025-01-15 23:30:49.686281,East,Frank,40
ORD-00086,CUST-0009,Headphones,1,768.53,768.53,2024-10-17 23:30:49.686281,North,Eve,24
ORD-00087,CUST-0112,Laptop,4,765.37,3061.48,2025-07-27 23:30:49.686281,South,Frank,32
ORD-00088,CUST-0057,Monitor,5,47.03,235.15,2025-08-02 23:30:49.686281,West,Diana,25
ORD-00089,CUST-0153,Laptop,1,988.51,988.51,2025-08-06 23:30:49.686281,North,Frank,46
ORD-00090,CUST-0061,Laptop,2,703.92,1407.84,2025-09-24 23:30:49.686281,North,Bob,44
ORD-00091,CUST-0047,Monitor,3,731.21,2193.63,2025-07-16 23:30:49.686281,South,Frank,39
ORD-00092,CUST-0003,Laptop,1,315.94,315.94,2025-08-04 23:30:49.686281,Central,Alice,48
ORD-00093,CUST-0042,Phone,3,56.26,168.78,2025-06-14 23:30:49.686281,East,Frank,67
ORD-00094,CUST-0076,Mouse,5,944.22,4721.1,2025-06-10 23:30:49.686281,East,Alice,45
ORD-00095,CUST-0036,Mouse,4,974.57,3898.28,2025-08-27 23:30:49.686281,North,Eve,69
ORD-00096,CUST-0088,Monitor,3,375.96,1127.88,2024-10-16 23:30:49.686281,West,Eve,63
ORD-00097,CUST-0142,Laptop,4,129.49,517.96,2025-04-08 23:30:49.686281,East,Bob,49
ORD-00098,CUST-0139,Phone,5,381.39,1906.95,2025-01-22 23:30:49.686281,Central,Frank,33
ORD-00099,CUST-0110,Keyboard,4,961.32,3845.28,2025-04-29 23:30:49.686281,South,Eve,28
ORD-00100,CUST-0066,Headphones,3,199.4,598.2,2024-11-25 23:30:49.686281,Central,Bob,32
ORD-00101,CUST-0187,Webcam,2,860.32,1720.64,2025-01-28 23:30:49.686281,East,Alice,54
ORD-00102,CUST-0077,Keyboard,4,993.07,3972.28,2025-01-10 23:30:49.686281,South,Eve,34
ORD-00103,CUST-0026,Mouse,2,134.81,269.62,2024-12-13 23:30:49.686281,Central,Bob,45
ORD-00104,CUST-0119,Laptop,5,916.55,4582.75,2025-04-16 23:30:49.686281,North,Eve,65
ORD-00105,CUST-0045,Keyboard,5,362.11,1810.55,2025-03-30 23:30:49.686281,North,Charlie,27
ORD-00106,CUST-0097,Monitor,3,311.92,935.76,2025-08-25 23:30:49.686281,West,Charlie,38
ORD-00107,CUST-0053,Webcam,2,831.52,1663.04,2025-01-25 23:30:49.686281,North,Diana,23
ORD-00108,CUST-0108,Laptop,3,48.78,146.34,2025-01-14 23:30:49.686281,North,Diana,33
ORD-00109,CUST-0057,Headphones,5,208.11,1040.55,2024-11-19 23:30:49.686281,Central,Charlie,36
ORD-00110,CUST-0062,Webcam,1,759.85,759.85,2025-05-20 23:30:49.686281,Central,Charlie,69
ORD-00111,CUST-0004,Mouse,1,860.92,860.92,2025-03-23 23:30:49.686281,Central,Diana,44
ORD-00112,CUST-0043,Laptop,1,883.04,883.04,2024-12-14 23:30:49.686281,South,Charlie,54
ORD-00113,CUST-0058,Mouse,1,247.17,247.17,2025-08-16 23:30:49.686281,Central,Frank,28
ORD-00114,CUST-0133,Keyboard,2,443.95,887.9,2024-10-30 23:30:49.686281,North,Diana,30
ORD-00115,CUST-0148,Keyboard,2,904.63,1809.26,2025-07-27 23:30:49.686281,North,Frank,62
ORD-00116,CUST-0190,Keyboard,5,315.9,1579.5,2025-09-24 23:30:49.686281,West,Alice,43
ORD-00117,CUST-0039,Headphones,4,710.46,2841.84,2025-03-25 23:30:49.686281,South,Charlie,38
ORD-00118,CUST-0195,Keyboard,1,100.71,100.71,2025-03-04 23:30:49.686281,North,Bob,35
ORD-00119,CUST-0117,Phone,3,648.07,1944.21,2025-06-14 23:30:49.686281,Central,Charlie,65
ORD-00120,CUST-0062,Phone,5,860.69,4303.45,2025-05-08 23:30:49.686281,North,Diana,23
ORD-00121,CUST-0105,Headphones,4,980.57,3922.28,2024-11-29 23:30:49.686281,North,Charlie,20
ORD-00122,CUST-0152,Mouse,3,236.56,709.68,2025-09-06 23:30:49.686281,East,Charlie,35
ORD-00123,CUST-0052,Mouse,4,220.36,881.44,2025-06-19 23:30:49.686281,Central,Diana,31
ORD-00124,CUST-0034,Webcam,3,831.82,2495.46,2025-08-26 23:30:49.686281,East,Alice,62
ORD-00125,CUST-0133,Tablet,2,623.4,1246.8,2024-10-11 23:30:49.686281,East,Frank,22
ORD-00126,CUST-0046,Keyboard,2,843.73,1687.46,2025-08-21 23:30:49.686281,West,Alice,48
ORD-00127,CUST-0120,Laptop,3,469.12,1407.36,2024-12-30 23:30:49.686281,East,Diana,37
ORD-00128,CUST-0091,Tablet,3,360.05,1080.15,2025-03-08 23:30:49.686281,South,Bob,69
ORD-00129,CUST-0016,Tablet,2,733.51,1467.02,2025-05-06 23:30:49.686281,Central,Diana,67
ORD-00130,CUST-0183,Mouse,4,144.23,576.92,2025-08-13 23:30:49.686281,South,Frank,35
ORD-00131,CUST-0095,Tablet,2,901.1,1802.2,2024-12-20 23:30:49.686281,North,Bob,61
ORD-00132,CUST-0143,Mouse,4,747.52,2990.08,2024-10-24 23:30:49.686281,North,Eve,28
ORD-00133,CUST-0197,Keyboard,3,511.91,1535.73,2025-08-06 23:30:49.686281,East,Diana,24
ORD-00134,CUST-0024,Mouse,4,309.96,1239.84,2024-12-05 23:30:49.686281,Central,Alice,39
ORD-00135,CUST-0137,Phone,4,331.5,1326.0,2025-07-18 23:30:49.686281,North,Charlie,23
ORD-00136,CUST-0051,Tablet,2,640.87,1281.74,2025-09-20 23:30:49.686281,West,Frank,26
ORD-00137,CUST-0179,Phone,1,948.79,948.79,2024-11-01 23:30:49.686281,Central,Charlie,47
ORD-00138,CUST-0006,Mouse,2,495.18,990.36,2025-06-27 23:30:49.686281,Central,Bob,34
ORD-00139,CUST-0014,Tablet,4,930.39,3721.56,2024-12-12 23:30:49.686281,North,Diana,52
ORD-00140,CUST-0012,Headphones,1,642.15,642.15,2025-01-19 23:30:49.686281,West,Diana,40
ORD-00141,CUST-0099,Mouse,4,891.14,3564.56,2025-08-22 23:30:49.686281,East,Bob,63
ORD-00142,CUST-0115,Tablet,5,236.04,1180.2,2025-06-13 23:30:49.686281,East,Alice,63
ORD-00143,CUST-0042,Tablet,1,695.01,695.01,2025-02-18 23:30:49.686281,West,Frank,52
ORD-00144,CUST-0139,Webcam,3,110.53,331.59,2025-01-13 23:30:49.686281,Central,Bob,34
ORD-00145,CUST-0010,Keyboard,3,612.35,1837.05,2025-01-01 23:30:49.686281,West,Frank,57
ORD-00146,CUST-0083,Monitor,4,166.75,667.0,2025-03-15 23:30:49.686281,South,Frank,51
ORD-00147,CUST-0083,Webcam,4,898.29,3593.16,2025-06-15 23:30:49.686281,East,Frank,51
ORD-00148,CUST-0076,Tablet,5,66.61,333.05,2025-09-06 23:30:49.686281,North,Bob,50
ORD-00149,CUST-0198,Tablet,3,291.27,873.81,2025-08-01 23:30:49.686281,West,Alice,28
ORD-00150,CUST-0154,Tablet,4,727.69,2910.76,2025-04-29 23:30:49.686281,Central,Frank,46
ORD-00151,CUST-0076,Headphones,5,37.9,189.5,2025-06-27 23:30:49.686281,South,Alice,42
ORD-00152,CUST-0134,Headphones,1,683.18,683.18,2025-06-06 23:30:49.686281,North,Frank,24
ORD-00153,CUST-0071,Phone,3,976.67,2930.01,2025-02-03 23:30:49.686281,North,Bob,70
ORD-00154,CUST-0187,Tablet,5,571.73,2858.65,2025-04-07 23:30:49.686281,Central,Bob,38
ORD-00155,CUST-0195,Tablet,5,104.15,520.75,2024-11-26 23:30:49.686281,East,Charlie,51
ORD-00156,CUST-0181,Webcam,5,144.07,720.35,2025-09-17 23:30:49.686281,East,Eve,53
ORD-00157,CUST-0102,Keyboard,3,531.98,1595.94,2024-12-20 23:30:49.686281,West,Alice,58
ORD-00158,CUST-0079,Tablet,4,693.07,2772.28,2025-03-08 23:30:49.686281,East,Bob,22
ORD-00159,CUST-0052,Mouse,5,938.24,4691.2,2025-04-11 23:30:49.686281,Central,Eve,65
ORD-00160,CUST-0071,Tablet,3,408.45,1225.35,2024-11-07 23:30:49.686281,South,Frank,24
ORD-00161,CUST-0059,Phone,1,386.1,386.1,2025-02-22 23:30:49.686281,North,Alice,63
ORD-00162,CUST-0040,Phone,2,432.19,864.38,2025-07-18 23:30:49.686281,East,Eve,35
ORD-00163,CUST-0024,Tablet,3,328.93,986.79,2025-02-10 23:30:49.686281,West,Diana,19
ORD-00164,CUST-0191,Webcam,5,919.02,4595.1,2024-12-28 23:30:49.686281,East,Alice,34
ORD-00165,CUST-0030,Monitor,4,699.14,2796.56,2025-01-26 23:30:49.686281,Central,Frank,34
ORD-00166,CUST-0175,Monitor,5,451.62,2258.1,2024-10-08 23:30:49.686281,Central,Frank,22
ORD-00167,CUST-0126,Headphones,3,602.21,1806.63,2025-01-07 23:30:49.686281,South,Frank,38
ORD-00168,CUST-0177,Webcam,3,682.52,2047.56,2025-06-13 23:30:49.686281,East,Charlie,38
ORD-00169,CUST-0021,Phone,5,239.57,1197.85,2025-09-13 23:30:49.686281,Central,Diana,66
ORD-00170,CUST-0186,Phone,4,41.85,167.4,2024-10-01 23:30:49.686281,North,Alice,23
ORD-00171,CUST-0173,Monitor,4,553.19,2212.76,2025-09-06 23:30:49.686281,West,Alice,36
ORD-00172,CUST-0078,Monitor,1,207.37,207.37,2025-08-23 23:30:49.686281,East,Frank,29
ORD-00173,CUST-0155,Keyboard,3,773.7,2321.1,2024-11-11 23:30:49.686281,West,Diana,66
ORD-00174,CUST-0107,Laptop,3,357.04,1071.12,2024-11-15 23:30:49.686281,West,Frank,29
ORD-00175,CUST-0125,Keyboard,5,799.03,3995.15,2024-10-19 23:30:49.686281,North,Alice,28
ORD-00176,CUST-0055,Phone,5,297.99,1489.95,2025-04-07 23:30:49.686281,West,Charlie,33
ORD-00177,CUST-0055,Mouse,4,318.56,1274.24,2024-10-27 23:30:49.686281,South,Diana,44
ORD-00178,CUST-0125,Phone,2,958.57,1917.14,2025-03-19 23:30:49.686281,West,Eve,47
ORD-00179,CUST-0064,Headphones,3,925.69,2777.07,2025-07-13 23:30:49.686281,North,Diana,52
ORD-00180,CUST-0178,Mouse,1,123.62,123.62,2024-10-29 23:30:49.686281,Central,Bob,42
ORD-00181,CUST-0073,Phone,1,705.87,705.87,2025-07-09 23:30:49.686281,Central,Frank,29
ORD-00182,CUST-0111,Mouse,5,382.77,1913.85,2025-04-21 23:30:49.686281,South,Charlie,30
ORD-00183,CUST-0089,Phone,1,366.55,366.55,2025-04-01 23:30:49.686281,South,Diana,57
ORD-00184,CUST-0084,Headphones,2,120.98,241.96,2024-12-07 23:30:49.686281,South,Bob,39
ORD-00185,CUST-0059,Phone,2,615.09,1230.18,2025-04-11 23:30:49.686281,Central,Bob,67
ORD-00186,CUST-0062,Laptop,1,982.21,982.21,2024-10-18 23:30:49.686281,North,Charlie,55
ORD-00187,CUST-0111,Phone,5,981.56,4907.8,2025-07-21 23:30:49.686281,West,Alice,37
ORD-00188,CUST-0143,Monitor,5,164.51,822.55,2024-10-01 23:30:49.686281,Central,Eve,54
ORD-00189,CUST-0018,Headphones,3,832.04,2496.12,2024-11-25 23:30:49.686281,South,Diana,35
ORD-00190,CUST-0148,Mouse,5,162.18,810.9,2024-10-28 23:30:49.686281,South,Bob,67
ORD-00191,CUST-0040,Mouse,1,647.89,647.89,2025-03-11 23:30:49.686281,East,Alice,28
ORD-00192,CUST-0151,Laptop,1,822.98,822.98,2025-01-26 23:30:49.686281,West,Eve,21
ORD-00193,CUST-0194,Tablet,1,200.0,200.0,2025-06-04 23:30:49.686281,South,Eve,35
ORD-00194,CUST-0124,Phone,1,901.74,901.74,2025-08-09 23:30:49.686281,Central,Diana,60
ORD-00195,CUST-0101,Laptop,1,457.27,457.27,2025-08-12 23:30:49.686281,Central,Charlie,34
ORD-00196,CUST-0120,Monitor,2,76.7,153.4,2024-12-29 23:30:49.686281,West,Frank,58
ORD-00197,CUST-0131,Phone,2,858.63,1717.26,2025-07-24 23:30:49.686281,Central,Eve,58
ORD-00198,CUST-0056,Tablet,4,435.87,1743.48,2024-10-26 23:30:49.686281,East,Alice,24
ORD-00199,CUST-0007,Monitor,2,494.67,989.34,2025-03-05 23:30:49.686281,South,Eve,37
ORD-00200,CUST-0012,Laptop,2,388.56,777.12,2025-08-22 23:30:49.686281,North,Frank,50
ORD-00201,CUST-0103,Monitor,3,821.33,2463.99,2024-11-04 23:30:49.686281,West,Alice,28
ORD-00202,CUST-0124,Mouse,5,698.11,3490.55,2025-06-19 23:30:49.686281,East,Diana,62
ORD-00203,CUST-0152,Mouse,3,567.14,1701.42,2025-08-19 23:30:49.686281,West,Charlie,68
ORD-00204,CUST-0076,Laptop,4,829.05,3316.2,2025-03-24 23:30:49.686281,East,Frank,67
ORD-00205,CUST-0077,Headphones,1,479.38,479.38,2025-03-22 23:30:49.686281,East,Bob,36
ORD-00206,CUST-0173,Phone,5,246.23,1231.15,2025-07-01 23:30:49.686281,East,Frank,52
ORD-00207,CUST-0121,Monitor,1,106.25,106.25,2025-05-31 23:30:49.686281,South,Eve,22
ORD-00208,CUST-0151,Tablet,4,515.5,2062.0,2025-07-27 23:30:49.686281,Central,Frank,57
ORD-00209,CUST-0196,Keyboard,2,955.93,1911.86,2025-04-16 23:30:49.686281,North,Bob,23
ORD-00210,CUST-0007,Phone,3,141.11,423.33,2025-07-13 23:30:49.686281,West,Alice,31
ORD-00211,CUST-0072,Laptop,5,232.49,1162.45,2024-10-17 23:30:49.686281,North,Frank,51
ORD-00212,CUST-0024,Monitor,5,212.46,1062.3,2024-11-30 23:30:49.686281,North,Charlie,49
ORD-00213,CUST-0174,Monitor,3,890.51,2671.53,2025-01-26 23:30:49.686281,West,Alice,61
ORD-00214,CUST-0112,Webcam,1,646.79,646.79,2025-09-11 23:30:49.686281,East,Bob,58
ORD-00215,CUST-0033,Tablet,1,149.35,149.35,2025-01-13 23:30:49.686281,West,Charlie,69
ORD-00216,CUST-0006,Headphones,4,962.89,3851.56,2024-10-07 23:30:49.686281,South,Charlie,25
ORD-00217,CUST-0137,Headphones,2,87.5,175.0,2025-03-12 23:30:49.686281,Central,Eve,44
ORD-00218,CUST-0036,Monitor,4,785.63,3142.52,2025-08-04 23:30:49.686281,West,Eve,49
ORD-00219,CUST-0049,Monitor,4,89.27,357.08,2025-01-23 23:30:49.686281,East,Alice,27
ORD-00220,CUST-0103,Webcam,1,357.54,357.54,2025-01-25 23:30:49.686281,North,Frank,43
ORD-00221,CUST-0094,Webcam,3,718.52,2155.56,2025-05-21 23:30:49.686281,Central,Charlie,35
ORD-00222,CUST-0038,Tablet,4,733.36,2933.44,2025-02-14 23:30:49.686281,Central,Diana,30
ORD-00223,CUST-0138,Phone,3,866.93,2600.79,2024-12-11 23:30:49.686281,East,Charlie,29
ORD-00224,CUST-0152,Headphones,1,545.14,545.14,2025-07-18 23:30:49.686281,North,Charlie,46
ORD-00225,CUST-0198,Tablet,5,323.37,1616.85,2025-01-30 23:30:49.686281,West,Charlie,40
ORD-00226,CUST-0018,Webcam,3,975.46,2926.38,2025-04-21 23:30:49.686281,East,Frank,50
ORD-00227,CUST-0017,Laptop,1,235.39,235.39,2025-03-08 23:30:49.686281,South,Charlie,69
ORD-00228,CUST-0071,Tablet,1,832.06,832.06,2024-12-04 23:30:49.686281,West,Alice,27
ORD-00229,CUST-0166,Webcam,4,772.33,3089.32,2025-01-22 23:30:49.686281,South,Diana,31
ORD-00230,CUST-0083,Monitor,1,196.72,196.72,2025-09-11 23:30:49.686281,North,Frank,37
ORD-00231,CUST-0195,Mouse,5,473.91,2369.55,2025-07-30 23:30:49.686281,East,Alice,39
ORD-00232,CUST-0179,Monitor,1,450.03,450.03,2024-11-10 23:30:49.686281,East,Frank,36
ORD-00233,CUST-0002,Headphones,2,72.43,144.86,2024-10-14 23:30:49.686281,North,Charlie,62
ORD-00234,CUST-0030,Mouse,1,609.98,609.98,2025-08-18 23:30:49.686281,East,Bob,64
ORD-00235,CUST-0182,Phone,3,826.81,2480.43,2025-02-13 23:30:49.686281,Central,Bob,68
ORD-00236,CUST-0063,Laptop,4,57.33,229.32,2025-07-29 23:30:49.686281,North,Eve,40
ORD-00237,CUST-0110,Webcam,5,674.42,3372.1,2024-11-29 23:30:49.686281,West,Bob,60
ORD-00238,CUST-0001,Webcam,2,613.28,1226.56,2024-11-25 23:30:49.686281,North,Eve,31
ORD-00239,CUST-0039,Webcam,1,727.11,727.11,2025-07-26 23:30:49.686281,South,Eve,35
ORD-00240,CUST-0171,Mouse,2,576.94,1153.88,2024-10-31 23:30:49.686281,East,Bob,22
ORD-00241,CUST-0135,Laptop,4,793.68,3174.72,2025-04-22 23:30:49.686281,West,Frank,38
ORD-00242,CUST-0129,Tablet,4,585.53,2342.12,2025-03-04 23:30:49.686281,South,Alice,65
ORD-00243,CUST-0130,Phone,3,835.17,2505.51,2024-10-27 23:30:49.686281,South,Charlie,68
ORD-00244,CUST-0193,Mouse,3,91.35,274.05,2025-03-23 23:30:49.686281,South,Alice,27
ORD-00245,CUST-0155,Tablet,5,369.67,1848.35,2025-09-25 23:30:49.686281,East,Diana,50
ORD-00246,CUST-0198,Monitor,2,881.77,1763.54,2025-08-30 23:30:49.686281,West,Alice,35
ORD-00247,CUST-0067,Laptop,4,369.81,1479.24,2025-08-03 23:30:49.686281,West,Frank,32
ORD-00248,CUST-0007,Laptop,3,235.26,705.78,2025-08-03 23:30:49.686281,East,Eve,27
ORD-00249,CUST-0141,Mouse,2,547.4,1094.8,2025-05-07 23:30:49.686281,North,Diana,50
ORD-00250,CUST-0015,Keyboard,3,724.57,2173.71,2024-10-04 23:30:49.686281,North,Bob,58
ORD-00251,CUST-0116,Mouse,1,138.07,138.07,2025-09-04 23:30:49.686281,West,Diana,30
ORD-00252,CUST-0161,Phone,3,937.19,2811.57,2024-11-26 23:30:49.686281,South,Frank,40
ORD-00253,CUST-0111,Phone,3,142.92,428.76,2025-03-12 23:30:49.686281,North,Frank,33
ORD-00254,CUST-0139,Monitor,5,259.26,1296.3,2025-09-23 23:30:49.686281,West,Charlie,64
ORD-00255,CUST-0022,Keyboard,1,593.54,593.54,2025-09-15 23:30:49.686281,East,Charlie,66
ORD-00256,CUST-0176,Monitor,1,384.79,384.79,2024-12-11 23:30:49.686281,East,Charlie,51
ORD-00257,CUST-0002,Headphones,3,489.8,1469.4,2025-02-04 23:30:49.686281,Central,Alice,44
ORD-00258,CUST-0018,Monitor,5,928.18,4640.9,2025-06-12 23:30:49.686281,Central,Charlie,50
ORD-00259,CUST-0161,Mouse,5,663.94,3319.7,2025-08-17 23:30:49.686281,Central,Bob,28
ORD-00260,CUST-0164,Keyboard,3,982.63,2947.89,2025-03-11 23:30:49.686281,East,Bob,31
ORD-00261,CUST-0166,Keyboard,1,234.07,234.07,2025-07-05 23:30:49.686281,Central,Charlie,22
ORD-00262,CUST-0072,Webcam,2,217.0,434.0,2025-01-29 23:30:49.686281,North,Frank,59
ORD-00263,CUST-0014,Headphones,3,318.68,956.04,2024-12-25 23:30:49.686281,West,Alice,36
ORD-00264,CUST-0022,Mouse,3,258.76,776.28,2025-06-29 23:30:49.686281,South,Charlie,64
ORD-00265,CUST-0187,Webcam,4,171.74,686.96,2025-05-15 23:30:49.686281,East,Eve,51
ORD-00266,CUST-0120,Mouse,5,763.83,3819.15,2025-08-11 23:30:49.686281,Central,Alice,31
ORD-00267,CUST-0059,Keyboard,3,385.54,1156.62,2025-03-09 23:30:49.686281,North,Bob,39
ORD-00268,CUST-0058,Tablet,4,389.81,1559.24,2025-09-07 23:30:49.686281,Central,Bob,57
ORD-00269,CUST-0155,Webcam,1,736.15,736.15,2025-05-18 23:30:49.686281,East,Bob,69
ORD-00270,CUST-0102,Monitor,3,653.92,1961.76,2025-08-01 23:30:49.686281,South,Diana,22
ORD-00271,CUST-0010,Laptop,1,729.14,729.14,2025-08-24 23:30:49.686281,North,Frank,39
ORD-00272,CUST-0069,Keyboard,5,220.58,1102.9,2025-08-15 23:30:49.686281,East,Frank,24
ORD-00273,CUST-0119,Headphones,4,464.34,1857.36,2025-06-08 23:30:49.686281,West,Alice,69
ORD-00274,CUST-0073,Laptop,3,398.57,1195.71,2025-08-01 23:30:49.686281,South,Alice,39
ORD-00275,CUST-0105,Keyboard,2,797.65,1595.3,2025-07-29 23:30:49.686281,Central,Charlie,20
ORD-00276,CUST-0061,Monitor,5,551.62,2758.1,2024-11-12 23:30:49.686281,South,Eve,54
ORD-00277,CUST-0062,Monitor,1,57.86,57.86,2025-04-20 23:30:49.686281,West,Bob,46
ORD-00278,CUST-0103,Keyboard,3,246.89,740.67,2024-10-03 23:30:49.686281,Central,Frank,54
ORD-00279,CUST-0199,Keyboard,4,650.04,2600.16,2024-11-07 23:30:49.686281,East,Charlie,42
ORD-00280,CUST-0034,Laptop,1,90.4,90.4,2024-10-08 23:30:49.686281,Central,Charlie,22
ORD-00281,CUST-0196,Keyboard,2,619.11,1238.22,2025-08-17 23:30:49.686281,North,Diana,39
ORD-00282,CUST-0011,Phone,4,795.68,3182.72,2025-01-10 23:30:49.686281,South,Eve,23
ORD-00283,CUST-0129,Mouse,5,457.21,2286.05,2025-09-10 23:30:49.686281,East,Bob,61
ORD-00284,CUST-0043,Tablet,5,564.1,2820.5,2024-10-30 23:30:49.686281,East,Charlie,45
ORD-00285,CUST-0159,Headphones,4,257.65,1030.6,2025-03-10 23:30:49.686281,North,Charlie,37
ORD-00286,CUST-0185,Keyboard,2,682.96,1365.92,2025-06-12 23:30:49.686281,South,Frank,48
ORD-00287,CUST-0039,Tablet,3,870.8,2612.4,2024-10-11 23:30:49.686281,Central,Charlie,20
ORD-00288,CUST-0069,Laptop,4,984.56,3938.24,2025-01-06 23:30:49.686281,North,Frank,61
ORD-00289,CUST-0123,Headphones,4,67.2,268.8,2025-08-07 23:30:49.686281,West,Eve,33
ORD-00290,CUST-0117,Keyboard,4,816.54,3266.16,2025-01-19 23:30:49.686281,Central,Alice,66
ORD-00291,CUST-0157,Monitor,4,59.45,237.8,2025-03-24 23:30:49.686281,East,Bob,50
ORD-00292,CUST-0147,Phone,5,271.32,1356.6,2025-06-16 23:30:49.686281,South,Diana,62
ORD-00293,CUST-0088,Keyboard,4,754.54,3018.16,2025-04-20 23:30:49.686281,Central,Charlie,47
ORD-00294,CUST-0002,Tablet,5,373.72,1868.6,2025-01-18 23:30:49.686281,South,Bob,20
ORD-00295,CUST-0087,Laptop,3,373.63,1120.89,2025-02-22 23:30:49.686281,West,Alice,69
ORD-00296,CUST-0133,Tablet,1,99.97,99.97,2025-05-02 23:30:49.686281,South,Frank,63
ORD-00297,CUST-0022,Webcam,2,661.31,1322.62,2025-02-27 23:30:49.686281,South,Frank,37
ORD-00298,CUST-0147,Keyboard,3,884.94,2654.82,2025-03-15 23:30:49.686281,North,Bob,67
ORD-00299,CUST-0197,Mouse,2,379.47,758.94,2025-09-24 23:30:49.686281,East,Charlie,18
ORD-00300,CUST-0045,Monitor,5,215.93,1079.65,2024-11-23 23:30:49.686281,North,Bob,42
ORD-00301,CUST-0014,Mouse,2,930.47,1860.94,2024-10-05 23:30:49.686281,Central,Eve,48
ORD-00302,CUST-0130,Tablet,2,605.96,1211.92,2025-02-09 23:30:49.686281,West,Charlie,61
ORD-00303,CUST-0145,Headphones,5,899.13,4495.65,2024-11-28 23:30:49.686281,Central,Frank,63
ORD-00304,CUST-0136,Webcam,4,87.02,348.08,2024-10-20 23:30:49.686281,East,Bob,27
ORD-00305,CUST-0175,Webcam,2,670.78,1341.56,2025-01-23 23:30:49.686281,North,Eve,37
ORD-00306,CUST-0015,Laptop,4,39.7,158.8,2025-03-20 23:30:49.686281,West,Alice,41
ORD-00307,CUST-0167,Laptop,2,319.52,639.04,2025-06-03 23:30:49.686281,West,Charlie,59
ORD-00308,CUST-0173,Webcam,2,542.61,1085.22,2025-06-30 23:30:49.686281,North,Bob,62
ORD-00309,CUST-0154,Mouse,4,160.27,641.08,2025-09-14 23:30:49.686281,South,Charlie,56
ORD-00310,CUST-0169,Webcam,1,832.62,832.62,2025-06-26 23:30:49.686281,East,Bob,59
ORD-00311,CUST-0054,Laptop,3,253.8,761.4,2025-03-26 23:30:49.686281,West,Bob,18
ORD-00312,CUST-0052,Monitor,1,613.83,613.83,2025-01-07 23:30:49.686281,East,Alice,32
ORD-00313,CUST-0100,Tablet,1,394.87,394.87,2024-12-29 23:30:49.686281,West,Bob,58
ORD-00314,CUST-0185,Keyboard,4,32.62,130.48,2025-01-25 23:30:49.686281,West,Diana,22
ORD-00315,CUST-0198,Laptop,5,429.92,2149.6,2025-03-26 23:30:49.686281,West,Bob,53
ORD-00316,CUST-0197,Webcam,5,115.53,577.65,2025-03-08 23:30:49.686281,East,Charlie,69
ORD-00317,CUST-0024,Tablet,4,383.08,1532.32,2025-03-07 23:30:49.686281,South,Frank,47
ORD-00318,CUST-0123,Tablet,4,317.96,1271.84,2025-09-05 23:30:49.686281,North,Bob,30
ORD-00319,CUST-0169,Keyboard,4,812.95,3251.8,2025-08-10 23:30:49.686281,North,Frank,54
ORD-00320,CUST-0063,Headphones,5,509.45,2547.25,2024-10-01 23:30:49.686281,Central,Frank,26
ORD-00321,CUST-0186,Phone,5,775.58,3877.9,2025-01-22 23:30:49.686281,South,Alice,61
ORD-00322,CUST-0050,Webcam,4,197.36,789.44,2024-12-05 23:30:49.686281,Central,Diana,24
ORD-00323,CUST-0148,Laptop,3,210.33,630.99,2025-01-12 23:30:49.686281,Central,Frank,49
ORD-00324,CUST-0054,Laptop,1,654.39,654.39,2025-01-17 23:30:49.686281,East,Eve,29
ORD-00325,CUST-0089,Keyboard,5,966.07,4830.35,2025-07-03 23:30:49.686281,West,Alice,31
ORD-00326,CUST-0062,Mouse,3,663.46,1990.38,2025-02-08 23:30:49.686281,South,Bob,54
ORD-00327,CUST-0024,Laptop,4,344.35,1377.4,2025-04-24 23:30:49.686281,West,Eve,59
ORD-00328,CUST-0165,Keyboard,1,758.15,758.15,2025-04-04 23:30:49.686281,North,Eve,41
ORD-00329,CUST-0043,Keyboard,1,977.85,977.85,2025-01-10 23:30:49.686281,North,Frank,26
ORD-00330,CUST-0044,Webcam,3,389.42,1168.26,2025-09-19 23:30:49.686281,East,Alice,51
ORD-00331,CUST-0112,Headphones,3,421.18,1263.54,2025-01-31 23:30:49.686281,North,Eve,61
ORD-00332,CUST-0157,Laptop,1,285.0,285.0,2025-07-05 23:30:49.686281,South,Diana,29
ORD-00333,CUST-0044,Headphones,1,217.85,217.85,2025-03-03 23:30:49.686281,East,Eve,66
ORD-00334,CUST-0100,Headphones,4,922.12,3688.48,2024-11-01 23:30:49.686281,West,Diana,44
ORD-00335,CUST-0196,Headphones,1,747.61,747.61,2025-01-24 23:30:49.686281,Central,Frank,47
ORD-00336,CUST-0149,Headphones,1,353.25,353.25,2025-01-19 23:30:49.686281,North,Diana,41
ORD-00337,CUST-0121,Headphones,2,136.09,272.18,2025-09-10 23:30:49.686281,Central,Diana,33
ORD-00338,CUST-0072,Laptop,4,693.35,2773.4,2025-07-31 23:30:49.686281,Central,Eve,64
ORD-00339,CUST-0182,Mouse,1,448.77,448.77,2025-08-16 23:30:49.686281,East,Charlie,53
ORD-00340,CUST-0159,Laptop,1,221.1,221.1,2024-10-23 23:30:49.686281,North,Diana,65
ORD-00341,CUST-0087,Phone,3,934.4,2803.2,2025-07-10 23:30:49.686281,North,Alice,23
ORD-00342,CUST-0010,Webcam,4,848.66,3394.64,2025-02-10 23:30:49.686281,West,Alice,54
ORD-00343,CUST-0078,Headphones,4,479.65,1918.6,2025-01-13 23:30:49.686281,East,Charlie,24
ORD-00344,CUST-0170,Keyboard,1,119.09,119.09,2024-10-13 23:30:49.686281,South,Eve,49
ORD-00345,CUST-0167,Keyboard,2,392.46,784.92,2024-12-01 23:30:49.686281,East,Alice,62
ORD-00346,CUST-0140,Webcam,5,136.19,680.95,2025-03-04 23:30:49.686281,South,Charlie,61
ORD-00347,CUST-0061,Headphones,2,625.28,1250.56,2025-03-13 23:30:49.686281,East,Diana,52
ORD-00348,CUST-0136,Headphones,4,69.67,278.68,2024-10-30 23:30:49.686281,South,Alice,22
ORD-00349,CUST-0126,Laptop,4,360.08,1440.32,2025-01-11 23:30:49.686281,East,Bob,25
ORD-00350,CUST-0003,Mouse,2,263.59,527.18,2024-12-24 23:30:49.686281,West,Eve,39
ORD-00351,CUST-0113,Tablet,3,399.49,1198.47,2024-12-06 23:30:49.686281,South,Alice,32
ORD-00352,CUST-0188,Tablet,5,555.86,2779.3,2025-05-15 23:30:49.686281,Central,Bob,53
ORD-00353,CUST-0018,Phone,3,72.51,217.53,2025-03-29 23:30:49.686281,East,Alice,43
ORD-00354,CUST-0129,Phone,1,324.69,324.69,2025-04-22 23:30:49.686281,West,Bob,67
ORD-00355,CUST-0080,Webcam,2,685.52,1371.04,2025-04-09 23:30:49.686281,South,Charlie,64
ORD-00356,CUST-0044,Keyboard,5,632.65,3163.25,2025-04-15 23:30:49.686281,South,Diana,47
ORD-00357,CUST-0195,Tablet,5,853.29,4266.45,2025-07-06 23:30:49.686281,South,Eve,65
ORD-00358,CUST-0018,Laptop,3,978.1,2934.3,2024-12-31 23:30:49.686281,West,Frank,58
ORD-00359,CUST-0071,Phone,2,912.13,1824.26,2024-11-03 23:30:49.686281,Central,Frank,49
ORD-00360,CUST-0146,Laptop,5,272.74,1363.7,2025-04-20 23:30:49.686281,North,Charlie,67
ORD-00361,CUST-0135,Phone,4,787.97,3151.88,2024-11-28 23:30:49.686281,West,Alice,38
ORD-00362,CUST-0189,Webcam,1,861.01,861.01,2025-05-14 23:30:49.686281,West,Diana,48
ORD-00363,CUST-0013,Webcam,1,311.96,311.96,2024-10-16 23:30:49.686281,East,Charlie,24
ORD-00364,CUST-0020,Laptop,3,682.86,2048.58,2025-01-14 23:30:49.686281,East,Eve,39
ORD-00365,CUST-0066,Tablet,1,170.19,170.19,2024-10-13 23:30:49.686281,Central,Charlie,58
ORD-00366,CUST-0017,Tablet,1,433.41,433.41,2025-06-18 23:30:49.686281,Central,Diana,34
ORD-00367,CUST-0035,Keyboard,2,452.52,905.04,2025-07-20 23:30:49.686281,North,Frank,61
ORD-00368,CUST-0076,Headphones,5,900.62,4503.1,2025-05-15 23:30:49.686281,North,Diana,61
ORD-00369,CUST-0010,Mouse,3,989.62,2968.86,2024-12-12 23:30:49.686281,West,Eve,48
ORD-00370,CUST-0145,Laptop,2,798.57,1597.14,2025-02-27 23:30:49.686281,West,Alice,32
ORD-00371,CUST-0078,Webcam,4,400.78,1603.12,2025-07-18 23:30:49.686281,East,Eve,49
ORD-00372,CUST-0005,Phone,4,455.48,1821.92,2025-03-17 23:30:49.686281,North,Eve,38
ORD-00373,CUST-0071,Webcam,4,917.17,3668.68,2025-09-13 23:30:49.686281,Central,Charlie,70
ORD-00374,CUST-0027,Phone,2,631.48,1262.96,2025-07-16 23:30:49.686281,East,Bob,56
ORD-00375,CUST-0046,Mouse,2,746.9,1493.8,2025-01-17 23:30:49.686281,Central,Bob,37
ORD-00376,CUST-0082,Monitor,4,974.57,3898.28,2025-01-09 23:30:49.686281,West,Bob,38
ORD-00377,CUST-0190,Monitor,3,372.37,1117.11,2024-10-09 23:30:49.686281,North,Alice,50
ORD-00378,CUST-0190,Webcam,2,558.8,1117.6,2025-06-19 23:30:49.686281,West,Eve,23
ORD-00379,CUST-0042,Webcam,1,569.87,569.87,2025-07-11 23:30:49.686281,West,Charlie,69
ORD-00380,CUST-0136,Monitor,2,514.03,1028.06,2025-03-03 23:30:49.686281,South,Eve,51
ORD-00381,CUST-0025,Laptop,5,577.71,2888.55,2025-03-25 23:30:49.686281,East,Eve,48
ORD-00382,CUST-0020,Keyboard,5,364.38,1821.9,2025-01-29 23:30:49.686281,East,Eve,57
ORD-00383,CUST-0195,Monitor,5,565.82,2829.1,2025-01-05 23:30:49.686281,Central,Diana,22
ORD-00384,CUST-0182,Monitor,5,997.82,4989.1,2024-12-17 23:30:49.686281,Central,Bob,31
ORD-00385,CUST-0094,Monitor,5,156.25,781.25,2024-12-03 23:30:49.686281,South,Bob,60
ORD-00386,CUST-0063,Webcam,5,303.11,1515.55,2025-02-16 23:30:49.686281,South,Diana,29
ORD-00387,CUST-0100,Webcam,1,679.19,679.19,2024-12-31 23:30:49.686281,Central,Frank,38
ORD-00388,CUST-0116,Monitor,5,121.95,609.75,2025-07-25 23:30:49.686281,East,Diana,20
ORD-00389,CUST-0027,Laptop,1,296.91,296.91,2024-12-13 23:30:49.686281,South,Charlie,34
ORD-00390,CUST-0191,Tablet,1,164.07,164.07,2024-11-12 23:30:49.686281,North,Bob,28
ORD-00391,CUST-0136,Headphones,3,643.08,1929.24,2025-07-08 23:30:49.686281,South,Alice,62
ORD-00392,CUST-0106,Phone,1,685.76,685.76,2025-08-31 23:30:49.686281,South,Eve,63
ORD-00393,CUST-0092,Keyboard,1,393.51,393.51,2025-08-18 23:30:49.686281,North,Diana,50
ORD-00394,CUST-0015,Laptop,2,970.93,1941.86,2025-09-11 23:30:49.686281,Central,Charlie,38
ORD-00395,CUST-0059,Monitor,1,791.21,791.21,2025-05-12 23:30:49.686281,Central,Diana,18
ORD-00396,CUST-0040,Phone,3,222.74,668.22,2025-06-10 23:30:49.686281,North,Charlie,49
ORD-00397,CUST-0066,Monitor,1,671.18,671.18,2025-06-02 23:30:49.686281,South,Diana,43
ORD-00398,CUST-0017,Monitor,1,335.56,335.56,2025-08-05 23:30:49.686281,Central,Alice,37
ORD-00399,CUST-0014,Keyboard,5,841.8,4209.0,2025-04-20 23:30:49.686281,North,Charlie,24
ORD-00400,CUST-0010,Tablet,5,442.93,2214.65,2025-03-07 23:30:49.686281,West,Alice,25
ORD-00401,CUST-0004,Keyboard,1,807.0,807.0,2024-11-27 23:30:49.686281,East,Alice,19
ORD-00402,CUST-0046,Laptop,3,846.97,2540.91,2025-03-08 23:30:49.686281,South,Eve,18
ORD-00403,CUST-0193,Headphones,3,737.86,2213.58,2025-02-21 23:30:49.686281,East,Frank,44
ORD-00404,CUST-0186,Tablet,5,601.53,3007.65,2025-08-30 23:30:49.686281,North,Diana,51
ORD-00405,CUST-0082,Keyboard,3,550.55,1651.65,2025-06-05 23:30:49.686281,Central,Charlie,51
ORD-00406,CUST-0194,Laptop,5,233.6,1168.0,2025-09-18 23:30:49.686281,South,Alice,20
ORD-00407,CUST-0037,Tablet,5,344.47,1722.35,2025-04-06 23:30:49.686281,West,Diana,45
ORD-00408,CUST-0163,Tablet,3,48.34,145.02,2025-09-22 23:30:49.686281,East,Bob,64
ORD-00409,CUST-0069,Headphones,2,334.44,668.88,2025-04-16 23:30:49.686281,East,Charlie,55
ORD-00410,CUST-0011,Monitor,3,982.04,2946.12,2025-01-19 23:30:49.686281,West,Bob,37
ORD-00411,CUST-0184,Tablet,2,158.75,317.5,2025-07-10 23:30:49.686281,Central,Bob,30
ORD-00412,CUST-0086,Laptop,5,577.02,2885.1,2025-05-29 23:30:49.686281,North,Charlie,49
ORD-00413,CUST-0127,Headphones,1,404.02,404.02,2025-01-31 23:30:49.686281,East,Frank,60
ORD-00414,CUST-0056,Headphones,2,80.78,161.56,2025-06-19 23:30:49.686281,North,Charlie,20
ORD-00415,CUST-0110,Headphones,5,529.02,2645.1,2025-08-09 23:30:49.686281,East,Charlie,52
ORD-00416,CUST-0130,Headphones,1,955.89,955.89,2024-12-20 23:30:49.686281,North,Frank,70
ORD-00417,CUST-0049,Phone,1,402.72,402.72,2024-12-14 23:30:49.686281,East,Charlie,32
ORD-00418,CUST-0112,Monitor,1,859.96,859.96,2025-08-16 23:30:49.686281,North,Bob,50
ORD-00419,CUST-0013,Laptop,5,590.75,2953.75,2025-04-13 23:30:49.686281,North,Frank,46
ORD-00420,CUST-0134,Laptop,5,141.75,708.75,2025-03-02 23:30:49.686281,Central,Bob,61
ORD-00421,CUST-0034,Laptop,5,589.4,2947.0,2024-10-17 23:30:49.686281,East,Bob,35
ORD-00422,CUST-0097,Keyboard,2,628.63,1257.26,2025-07-25 23:30:49.686281,East,Alice,36
ORD-00423,CUST-0096,Phone,5,869.97,4349.85,2024-12-23 23:30:49.686281,Central,Eve,20
ORD-00424,CUST-0150,Tablet,4,796.09,3184.36,2025-06-23 23:30:49.686281,Central,Frank,19
ORD-00425,CUST-0154,Phone,1,424.0,424.0,2025-07-07 23:30:49.686281,North,Bob,19
ORD-00426,CUST-0042,Webcam,1,51.95,51.95,2025-06-06 23:30:49.686281,Central,Charlie,65
ORD-00427,CUST-0164,Mouse,3,50.23,150.69,2024-12-03 23:30:49.686281,West,Frank,68
ORD-00428,CUST-0099,Phone,5,240.47,1202.35,2025-05-25 23:30:49.686281,Central,Frank,51
ORD-00429,CUST-0093,Phone,4,236.44,945.76,2024-11-19 23:30:49.686281,East,Charlie,25
ORD-00430,CUST-0013,Monitor,4,860.67,3442.68,2025-01-29 23:30:49.686281,North,Alice,58
ORD-00431,CUST-0059,Keyboard,5,136.79,683.95,2025-08-23 23:30:49.686281,East,Alice,38
ORD-00432,CUST-0167,Tablet,5,526.22,2631.1,2025-03-20 23:30:49.686281,South,Charlie,60
ORD-00433,CUST-0186,Keyboard,5,89.49,447.45,2025-04-24 23:30:49.686281,East,Eve,46
ORD-00434,CUST-0035,Monitor,4,101.66,406.64,2024-12-26 23:30:49.686281,West,Frank,33
ORD-00435,CUST-0044,Webcam,3,933.3,2799.9,2025-03-08 23:30:49.686281,Central,Bob,33
ORD-00436,CUST-0031,Mouse,2,459.91,919.82,2025-06-13 23:30:49.686281,Central,Diana,30
ORD-00437,CUST-0047,Webcam,2,157.42,314.84,2024-11-21 23:30:49.686281,East,Frank,39
ORD-00438,CUST-0053,Laptop,2,357.47,714.94,2024-12-30 23:30:49.686281,South,Eve,45
ORD-00439,CUST-0142,Mouse,1,681.78,681.78,2025-08-30 23:30:49.686281,East,Diana,52
ORD-00440,CUST-0064,Keyboard,2,379.99,759.98,2025-06-19 23:30:49.686281,South,Frank,54
ORD-00441,CUST-0080,Mouse,1,549.34,549.34,2025-05-24 23:30:49.686281,Central,Diana,32
ORD-00442,CUST-0182,Tablet,3,804.88,2414.64,2025-08-15 23:30:49.686281,North,Diana,47
ORD-00443,CUST-0077,Keyboard,4,293.26,1173.04,2025-07-01 23:30:49.686281,West,Frank,62
ORD-00444,CUST-0163,Headphones,3,338.64,1015.92,2025-04-02 23:30:49.686281,East,Charlie,39
ORD-00445,CUST-0133,Mouse,4,227.28,909.12,2025-06-18 23:30:49.686281,South,Charlie,63
ORD-00446,CUST-0176,Keyboard,2,601.91,1203.82,2025-06-13 23:30:49.686281,South,Alice,39
ORD-00447,CUST-0072,Tablet,4,992.32,3969.28,2025-05-02 23:30:49.686281,South,Alice,44
ORD-00448,CUST-0110,Phone,4,312.57,1250.28,2025-03-22 23:30:49.686281,South,Eve,60
ORD-00449,CUST-0079,Webcam,5,935.6,4678.0,2025-07-17 23:30:49.686281,South,Frank,35
ORD-00450,CUST-0175,Mouse,4,914.28,3657.12,2025-01-12 23:30:49.686281,South,Frank,43
ORD-00451,CUST-0032,Phone,1,736.82,736.82,2025-01-17 23:30:49.686281,Central,Charlie,24
ORD-00452,CUST-0008,Keyboard,4,656.82,2627.28,2025-07-21 23:30:49.686281,East,Eve,40
ORD-00453,CUST-0068,Mouse,5,834.05,4170.25,2024-12-04 23:30:49.686281,East,Alice,61
ORD-00454,CUST-0138,Keyboard,3,901.37,2704.11,2025-08-13 23:30:49.686281,North,Alice,62
ORD-00455,CUST-0111,Webcam,1,702.59,702.59,2024-12-21 23:30:49.686281,North,Eve,30
ORD-00456,CUST-0021,Webcam,3,488.07,1464.21,2025-03-27 23:30:49.686281,South,Bob,61
ORD-00457,CUST-0015,Webcam,3,556.51,1669.53,2025-03-17 23:30:49.686281,West,Diana,59
ORD-00458,CUST-0020,Laptop,1,531.49,531.49,2025-07-24 23:30:49.686281,North,Eve,61
ORD-00459,CUST-0022,Webcam,1,769.87,769.87,2024-10-30 23:30:49.686281,East,Alice,29
ORD-00460,CUST-0040,Headphones,5,794.09,3970.45,2024-10-03 23:30:49.686281,East,Diana,22
ORD-00461,CUST-0116,Headphones,5,814.34,4071.7,2024-10-16 23:30:49.686281,East,Charlie,29
ORD-00462,CUST-0032,Keyboard,5,403.25,2016.25,2025-05-05 23:30:49.686281,West,Eve,22
ORD-00463,CUST-0192,Phone,4,454.53,1818.12,2024-11-14 23:30:49.686281,East,Bob,49
ORD-00464,CUST-0176,Phone,5,491.76,2458.8,2025-07-13 23:30:49.686281,Central,Eve,55
ORD-00465,CUST-0045,Keyboard,3,800.32,2400.96,2024-10-02 23:30:49.686281,South,Diana,48
ORD-00466,CUST-0196,Webcam,1,909.02,909.02,2024-11-30 23:30:49.686281,North,Charlie,31
ORD-00467,CUST-0125,Phone,4,115.51,462.04,2024-10-19 23:30:49.686281,Central,Eve,43
ORD-00468,CUST-0129,Monitor,3,971.22,2913.66,2025-03-24 23:30:49.686281,East,Diana,23
ORD-00469,CUST-0018,Mouse,2,588.21,1176.42,2025-04-19 23:30:49.686281,East,Alice,54
ORD-00470,CUST-0053,Mouse,2,347.58,695.16,2024-10-07 23:30:49.686281,East,Frank,23
ORD-00471,CUST-0109,Mouse,2,503.78,1007.56,2025-04-21 23:30:49.686281,East,Eve,40
ORD-00472,CUST-0174,Webcam,5,379.02,1895.1,2025-07-18 23:30:49.686281,East,Alice,53
ORD-00473,CUST-0065,Phone,5,219.72,1098.6,2025-03-10 23:30:49.686281,East,Diana,67
ORD-00474,CUST-0005,Tablet,4,202.77,811.08,2024-12-30 23:30:49.686281,East,Alice,44
ORD-00475,CUST-0192,Webcam,5,602.47,3012.35,2024-11-18 23:30:49.686281,West,Eve,25
ORD-00476,CUST-0127,Laptop,3,909.77,2729.31,2024-11-10 23:30:49.686281,South,Frank,37
ORD-00477,CUST-0026,Headphones,1,736.15,736.15,2025-08-09 23:30:49.686281,South,Alice,46
ORD-00478,CUST-0133,Headphones,1,122.1,122.1,2025-07-10 23:30:49.686281,Central,Diana,62
ORD-00479,CUST-0103,Tablet,4,202.56,810.24,2025-07-09 23:30:49.686281,East,Charlie,28
ORD-00480,CUST-0029,Mouse,4,82.41,329.64,2025-05-12 23:30:49.686281,West,Bob,24
ORD-00481,CUST-0059,Webcam,1,678.09,678.09,2025-07-28 23:30:49.686281,South,Charlie,19
ORD-00482,CUST-0067,Webcam,3,154.85,464.55,2025-07-17 23:30:49.686281,North,Charlie,65
ORD-00483,CUST-0039,Mouse,3,791.24,2373.72,2024-12-12 23:30:49.686281,South,Eve,43
ORD-00484,CUST-0174,Tablet,4,100.49,401.96,2025-07-03 23:30:49.686281,North,Charlie,67
ORD-00485,CUST-0080,Laptop,1,887.41,887.41,2024-12-17 23:30:49.686281,North,Charlie,18
ORD-00486,CUST-0010,Laptop,3,345.93,1037.79,2024-10-01 23:30:49.686281,Central,Diana,59
ORD-00487,CUST-0191,Tablet,5,483.57,2417.85,2024-11-19 23:30:49.686281,West,Diana,49
ORD-00488,CUST-0113,Monitor,4,149.71,598.84,2025-09-02 23:30:49.686281,South,Charlie,24
ORD-00489,CUST-0132,Monitor,5,862.46,4312.3,2025-05-13 23:30:49.686281,South,Frank,31
ORD-00490,CUST-0077,Headphones,1,325.65,325.65,2025-05-17 23:30:49.686281,North,Charlie,33
ORD-00491,CUST-0149,Headphones,2,948.15,1896.3,2025-01-18 23:30:49.686281,South,Charlie,43
ORD-00492,CUST-0100,Monitor,3,987.19,2961.57,2025-09-04 23:30:49.686281,West,Charlie,20
ORD-00493,CUST-0139,Headphones,2,404.89,809.78,2025-09-10 23:30:49.686281,West,Diana,38
ORD-00494,CUST-0092,Phone,4,102.68,410.72,2025-04-24 23:30:49.686281,South,Charlie,57
ORD-00495,CUST-0057,Tablet,1,587.35,587.35,2025-05-29 23:30:49.686281,West,Bob,50
ORD-00496,CUST-0133,Tablet,5,85.56,427.8,2025-04-23 23:30:49.686281,East,Frank,31
ORD-00497,CUST-0017,Monitor,2,490.28,980.56,2025-09-05 23:30:49.686281,East,Diana,23
ORD-00498,CUST-0038,Monitor,4,411.12,1644.48,2025-02-07 23:30:49.686281,Central,Frank,21
ORD-00499,CUST-0024,Keyboard,3,709.47,2128.41,2025-03-17 23:30:49.686281,North,Charlie,68
ORD-00500,CUST-0008,Webcam,1,547.09,547.09,2025-09-17 23:30:49.686281,South,Diana,65
ORD-00501,CUST-0151,Keyboard,4,598.7,2394.8,2025-09-04 23:30:49.686281,East,Alice,23
ORD-00502,CUST-0053,Tablet,2,180.21,360.42,2024-09-30 23:30:49.686281,North,Eve,42
ORD-00503,CUST-0186,Laptop,5,317.16,1585.8,2024-11-17 23:30:49.686281,South,Charlie,33
ORD-00504,CUST-0128,Keyboard,5,978.25,4891.25,2024-10-31 23:30:49.686281,East,Alice,52
ORD-00505,CUST-0171,Webcam,4,352.26,1409.04,2025-09-06 23:30:49.686281,East,Frank,44
ORD-00506,CUST-0155,Monitor,4,163.81,655.24,2025-01-16 23:30:49.686281,North,Bob,68
ORD-00507,CUST-0151,Keyboard,4,211.23,844.92,2024-09-25 23:30:49.686281,South,Eve,20
ORD-00508,CUST-0006,Tablet,5,343.72,1718.6,2025-07-31 23:30:49.686281,South,Diana,26
ORD-00509,CUST-0035,Monitor,4,841.66,3366.64,2024-10-20 23:30:49.686281,Central,Diana,18
ORD-00510,CUST-0005,Headphones,4,309.0,1236.0,2025-02-09 23:30:49.686281,East,Charlie,23
ORD-00511,CUST-0125,Mouse,5,247.17,1235.85,2024-11-19 23:30:49.686281,East,Alice,29
ORD-00512,CUST-0126,Webcam,4,959.25,3837.0,2024-11-11 23:30:49.686281,South,Eve,24
ORD-00513,CUST-0091,Monitor,2,902.49,1804.98,2025-03-05 23:30:49.686281,South,Bob,60
ORD-00514,CUST-0165,Phone,5,651.42,3257.1,2025-08-30 23:30:49.686281,North,Frank,38
ORD-00515,CUST-0168,Tablet,1,281.54,281.54,2025-02-23 23:30:49.686281,West,Alice,62
ORD-00516,CUST-0017,Laptop,1,115.29,115.29,2025-02-15 23:30:49.686281,Central,Eve,20
ORD-00517,CUST-0186,Webcam,1,99.03,99.03,2025-02-27 23:30:49.686281,South,Charlie,53
ORD-00518,CUST-0038,Phone,4,474.47,1897.88,2024-09-29 23:30:49.686281,West,Frank,61
ORD-00519,CUST-0060,Tablet,2,412.11,824.22,2025-01-11 23:30:49.686281,South,Charlie,51
ORD-00520,CUST-0024,Webcam,1,108.63,108.63,2025-09-05 23:30:49.686281,Central,Bob,26
ORD-00521,CUST-0187,Tablet,3,645.39,1936.17,2024-11-03 23:30:49.686281,South,Bob,32
ORD-00522,CUST-0085,Laptop,2,508.25,1016.5,2024-12-04 23:30:49.686281,West,Charlie,65
ORD-00523,CUST-0099,Laptop,2,79.0,158.0,2025-08-21 23:30:49.686281,West,Frank,58
ORD-00524,CUST-0130,Headphones,5,938.18,4690.9,2024-12-11 23:30:49.686281,West,Bob,69
ORD-00525,CUST-0107,Monitor,4,583.58,2334.32,2024-10-18 23:30:49.686281,North,Alice,50
ORD-00526,CUST-0029,Monitor,4,932.86,3731.44,2025-09-12 23:30:49.686281,East,Diana,55
ORD-00527,CUST-0034,Webcam,1,346.82,346.82,2024-10-22 23:30:49.686281,North,Alice,49
ORD-00528,CUST-0129,Tablet,4,242.77,971.08,2025-02-27 23:30:49.686281,Central,Diana,54
ORD-00529,CUST-0076,Tablet,2,165.83,331.66,2025-07-05 23:30:49.686281,South,Eve,37
ORD-00530,CUST-0091,Laptop,3,796.17,2388.51,2024-10-15 23:30:49.686281,East,Eve,58
ORD-00531,CUST-0074,Laptop,5,391.91,1959.55,2025-01-28 23:30:49.686281,Central,Bob,52
ORD-00532,CUST-0147,Monitor,3,106.28,318.84,2024-11-19 23:30:49.686281,Central,Bob,40
ORD-00533,CUST-0175,Monitor,1,50.64,50.64,2025-08-24 23:30:49.686281,East,Alice,40
ORD-00534,CUST-0155,Phone,1,787.04,787.04,2025-04-20 23:30:49.686281,East,Diana,33
ORD-00535,CUST-0171,Mouse,4,403.76,1615.04,2025-07-21 23:30:49.686281,Central,Bob,59
ORD-00536,CUST-0181,Keyboard,2,422.44,844.88,2025-09-09 23:30:49.686281,East,Eve,66
ORD-00537,CUST-0063,Monitor,1,633.7,633.7,2025-07-03 23:30:49.686281,South,Eve,27
ORD-00538,CUST-0170,Keyboard,3,850.17,2550.51,2025-03-02 23:30:49.686281,West,Eve,35
ORD-00539,CUST-0055,Headphones,2,638.93,1277.86,2025-02-21 23:30:49.686281,South,Bob,64
ORD-00540,CUST-0065,Tablet,3,193.18,579.54,2025-02-18 23:30:49.686281,North,Frank,64
ORD-00541,CUST-0044,Laptop,5,999.97,4999.85,2024-11-25 23:30:49.686281,East,Charlie,19
ORD-00542,CUST-0186,Keyboard,4,879.44,3517.76,2025-03-25 23:30:49.686281,West,Alice,63
ORD-00543,CUST-0133,Laptop,1,780.89,780.89,2025-03-02 23:30:49.686281,South,Bob,36
ORD-00544,CUST-0044,Keyboard,3,835.43,2506.29,2025-07-28 23:30:49.686281,North,Diana,64
ORD-00545,CUST-0072,Keyboard,1,261.02,261.02,2025-04-22 23:30:49.686281,East,Frank,50
ORD-00546,CUST-0010,Mouse,1,800.54,800.54,2025-04-06 23:30:49.686281,West,Charlie,66
ORD-00547,CUST-0066,Tablet,5,225.99,1129.95,2025-02-18 23:30:49.686281,North,Alice,40
ORD-00548,CUST-0134,Laptop,5,775.42,3877.1,2025-03-08 23:30:49.686281,North,Diana,58
ORD-00549,CUST-0174,Keyboard,1,897.92,897.92,2025-01-24 23:30:49.686281,North,Frank,22
ORD-00550,CUST-0194,Tablet,1,261.59,261.59,2024-10-10 23:30:49.686281,South,Charlie,29
ORD-00551,CUST-0105,Mouse,3,169.03,507.09,2025-05-18 23:30:49.686281,Central,Diana,65
ORD-00552,CUST-0046,Mouse,5,54.34,271.7,2025-09-02 23:30:49.686281,Central,Diana,65
ORD-00553,CUST-0084,Headphones,2,717.24,1434.48,2025-08-31 23:30:49.686281,Central,Charlie,51
ORD-00554,CUST-0154,Phone,2,634.93,1269.86,2025-06-25 23:30:49.686281,North,Bob,64
ORD-00555,CUST-0172,Tablet,2,92.73,185.46,2025-05-19 23:30:49.686281,South,Charlie,36
ORD-00556,CUST-0088,Headphones,3,63.44,190.32,2025-05-01 23:30:49.686281,West,Frank,44
ORD-00557,CUST-0121,Mouse,3,46.72,140.16,2025-04-03 23:30:49.686281,Central,Frank,66
ORD-00558,CUST-0068,Tablet,1,544.17,544.17,2024-10-13 23:30:49.686281,North,Charlie,66
ORD-00559,CUST-0133,Keyboard,1,596.01,596.01,2024-10-21 23:30:49.686281,South,Diana,69
ORD-00560,CUST-0117,Mouse,4,871.49,3485.96,2025-04-06 23:30:49.686281,North,Eve,36
ORD-00561,CUST-0027,Monitor,4,577.81,2311.24,2025-04-13 23:30:49.686281,West,Bob,63
ORD-00562,CUST-0145,Keyboard,2,399.13,798.26,2024-12-30 23:30:49.686281,Central,Diana,43
ORD-00563,CUST-0002,Monitor,1,852.68,852.68,2024-12-28 23:30:49.686281,West,Frank,38
ORD-00564,CUST-0166,Monitor,4,792.85,3171.4,2024-12-19 23:30:49.686281,North,Eve,53
ORD-00565,CUST-0014,Webcam,5,550.62,2753.1,2024-10-08 23:30:49.686281,West,Diana,27
ORD-00566,CUST-0137,Laptop,3,970.5,2911.5,2025-01-09 23:30:49.686281,North,Alice,63
ORD-00567,CUST-0195,Webcam,3,329.85,989.55,2025-08-11 23:30:49.686281,South,Charlie,36
ORD-00568,CUST-0046,Webcam,3,78.08,234.24,2025-01-24 23:30:49.686281,South,Alice,31
ORD-00569,CUST-0167,Headphones,4,458.54,1834.16,2025-02-10 23:30:49.686281,North,Eve,66
ORD-00570,CUST-0187,Phone,2,51.69,103.38,2025-02-26 23:30:49.686281,Central,Charlie,58
ORD-00571,CUST-0101,Webcam,5,611.21,3056.05,2025-08-31 23:30:49.686281,West,Diana,27
ORD-00572,CUST-0047,Laptop,5,56.67,283.35,2024-11-20 23:30:49.686281,Central,Diana,70
ORD-00573,CUST-0129,Phone,4,444.43,1777.72,2025-06-29 23:30:49.686281,East,Charlie,56
ORD-00574,CUST-0075,Monitor,2,247.58,495.16,2025-08-07 23:30:49.686281,West,Diana,67
ORD-00575,CUST-0099,Phone,1,594.75,594.75,2025-06-30 23:30:49.686281,West,Bob,48
ORD-00576,CUST-0036,Mouse,3,37.66,112.98,2025-06-28 23:30:49.686281,East,Alice,22
ORD-00577,CUST-0034,Headphones,1,715.52,715.52,2025-09-02 23:30:49.686281,North,Eve,49
ORD-00578,CUST-0105,Laptop,1,242.56,242.56,2025-04-13 23:30:49.686281,Central,Alice,25
ORD-00579,CUST-0097,Monitor,2,456.98,913.96,2025-03-26 23:30:49.686281,West,Eve,28
ORD-00580,CUST-0054,Headphones,1,292.19,292.19,2025-02-22 23:30:49.686281,South,Eve,33
ORD-00581,CUST-0139,Phone,1,641.85,641.85,2025-04-08 23:30:49.686281,South,Charlie,45
ORD-00582,CUST-0066,Mouse,1,767.15,767.15,2025-06-13 23:30:49.686281,South,Diana,36
ORD-00583,CUST-0026,Phone,5,134.21,671.05,2025-09-13 23:30:49.686281,Central,Charlie,56
ORD-00584,CUST-0083,Tablet,1,849.4,849.4,2025-06-12 23:30:49.686281,North,Eve,49
ORD-00585,CUST-0080,Monitor,2,285.4,570.8,2025-08-23 23:30:49.686281,North,Bob,18
ORD-00586,CUST-0151,Webcam,5,805.26,4026.3,2025-04-08 23:30:49.686281,West,Charlie,51
ORD-00587,CUST-0005,Keyboard,4,290.15,1160.6,2024-11-23 23:30:49.686281,North,Diana,21
ORD-00588,CUST-0095,Phone,4,995.56,3982.24,2025-03-16 23:30:49.686281,West,Frank,20
ORD-00589,CUST-0018,Mouse,3,471.62,1414.86,2025-07-16 23:30:49.686281,West,Diana,29
ORD-00590,CUST-0103,Keyboard,2,586.44,1172.88,2025-07-01 23:30:49.686281,Central,Alice,58
ORD-00591,CUST-0012,Monitor,1,292.45,292.45,2025-03-19 23:30:49.686281,East,Alice,70
ORD-00592,CUST-0144,Mouse,5,555.93,2779.65,2025-09-16 23:30:49.686281,West,Diana,41
ORD-00593,CUST-0099,Webcam,5,559.6,2798.0,2025-01-11 23:30:49.686281,East,Eve,68
ORD-00594,CUST-0058,Webcam,3,212.07,636.21,2025-07-31 23:30:49.686281,East,Diana,65
ORD-00595,CUST-0119,Monitor,2,664.42,1328.84,2025-07-11 23:30:49.686281,Central,Diana,30
ORD-00596,CUST-0198,Headphones,5,442.94,2214.7,2025-06-01 23:30:49.686281,Central,Diana,30
ORD-00597,CUST-0050,Webcam,5,258.22,1291.1,2025-04-22 23:30:49.686281,North,Eve,52
ORD-00598,CUST-0118,Phone,5,908.13,4540.65,2025-04-17 23:30:49.686281,South,Eve,45
ORD-00599,CUST-0048,Mouse,3,636.28,1908.84,2025-07-10 23:30:49.686281,Central,Bob,60
ORD-00600,CUST-0037,Monitor,5,188.39,941.95,2024-10-08 23:30:49.686281,West,Charlie,64
ORD-00601,CUST-0012,Phone,1,292.03,292.03,2025-09-22 23:30:49.686281,West,Eve,66
ORD-00602,CUST-0134,Webcam,3,774.04,2322.12,2025-03-28 23:30:49.686281,West,Eve,57
ORD-00603,CUST-0019,Mouse,4,999.65,3998.6,2025-03-23 23:30:49.686281,South,Eve,45
ORD-00604,CUST-0180,Phone,4,984.64,3938.56,2024-12-04 23:30:49.686281,East,Alice,26
ORD-00605,CUST-0193,Phone,5,800.05,4000.25,2025-07-29 23:30:49.686281,East,Charlie,44
ORD-00606,CUST-0166,Webcam,1,499.99,499.99,2025-07-17 23:30:49.686281,East,Bob,21
ORD-00607,CUST-0035,Laptop,1,982.85,982.85,2024-11-14 23:30:49.686281,North,Frank,69
ORD-00608,CUST-0082,Webcam,1,949.33,949.33,2025-04-03 23:30:49.686281,Central,Bob,35
ORD-00609,CUST-0061,Tablet,3,93.73,281.19,2024-10-25 23:30:49.686281,Central,Diana,23
ORD-00610,CUST-0157,Keyboard,5,848.38,4241.9,2025-02-14 23:30:49.686281,North,Frank,44
ORD-00611,CUST-0063,Monitor,4,315.71,1262.84,2025-08-14 23:30:49.686281,North,Alice,67
ORD-00612,CUST-0190,Keyboard,5,334.01,1670.05,2024-12-04 23:30:49.686281,West,Diana,52
ORD-00613,CUST-0098,Monitor,4,420.5,1682.0,2025-03-29 23:30:49.686281,East,Alice,55
ORD-00614,CUST-0034,Monitor,2,609.85,1219.7,2024-11-11 23:30:49.686281,Central,Frank,64
ORD-00615,CUST-0114,Headphones,3,766.6,2299.8,2025-07-12 23:30:49.686281,Central,Alice,61
ORD-00616,CUST-0077,Keyboard,1,602.11,602.11,2024-11-04 23:30:49.686281,North,Bob,26
ORD-00617,CUST-0031,Headphones,3,641.07,1923.21,2025-08-19 23:30:49.686281,South,Frank,43
ORD-00618,CUST-0054,Mouse,4,154.2,616.8,2024-10-24 23:30:49.686281,North,Charlie,18
ORD-00619,CUST-0091,Headphones,3,162.0,486.0,2024-11-29 23:30:49.686281,West,Diana,42
ORD-00620,CUST-0061,Laptop,5,520.8,2604.0,2024-12-31 23:30:49.686281,South,Eve,42
ORD-00621,CUST-0072,Mouse,3,299.98,899.94,2025-09-11 23:30:49.686281,West,Diana,59
ORD-00622,CUST-0155,Webcam,4,881.91,3527.64,2025-03-16 23:30:49.686281,South,Bob,20
ORD-00623,CUST-0151,Webcam,5,744.58,3722.9,2024-12-16 23:30:49.686281,South,Frank,34
ORD-00624,CUST-0139,Phone,1,715.67,715.67,2024-11-24 23:30:49.686281,Central,Bob,62
ORD-00625,CUST-0024,Keyboard,1,85.08,85.08,2025-03-10 23:30:49.686281,East,Diana,70
ORD-00626,CUST-0065,Tablet,2,664.39,1328.78,2024-11-09 23:30:49.686281,East,Eve,35
ORD-00627,CUST-0194,Tablet,5,678.92,3394.6,2024-12-06 23:30:49.686281,South,Charlie,23
ORD-00628,CUST-0028,Monitor,1,74.79,74.79,2025-09-22 23:30:49.686281,East,Charlie,28
ORD-00629,CUST-0090,Laptop,4,316.56,1266.24,2025-05-14 23:30:49.686281,Central,Alice,69
ORD-00630,CUST-0159,Phone,1,488.69,488.69,2024-09-28 23:30:49.686281,North,Bob,43
ORD-00631,CUST-0051,Monitor,4,108.77,435.08,2025-06-17 23:30:49.686281,Central,Bob,35
ORD-00632,CUST-0012,Webcam,5,890.92,4454.6,2024-12-09 23:30:49.686281,South,Charlie,31
ORD-00633,CUST-0089,Headphones,4,386.32,1545.28,2024-10-23 23:30:49.686281,North,Alice,67
ORD-00634,CUST-0088,Laptop,2,616.4,1232.8,2024-12-10 23:30:49.686281,South,Alice,21
ORD-00635,CUST-0119,Keyboard,4,605.65,2422.6,2024-11-21 23:30:49.686281,East,Eve,39
ORD-00636,CUST-0190,Phone,3,205.71,617.13,2025-05-10 23:30:49.686281,North,Charlie,21
ORD-00637,CUST-0094,Tablet,2,59.21,118.42,2025-06-06 23:30:49.686281,East,Charlie,49
ORD-00638,CUST-0089,Mouse,4,879.81,3519.24,2025-01-11 23:30:49.686281,West,Diana,40
ORD-00639,CUST-0009,Headphones,4,528.15,2112.6,2025-05-22 23:30:49.686281,West,Alice,54
ORD-00640,CUST-0158,Mouse,2,924.86,1849.72,2025-05-01 23:30:49.686281,South,Charlie,66
ORD-00641,CUST-0087,Keyboard,2,390.54,781.08,2025-01-06 23:30:49.686281,Central,Diana,31
ORD-00642,CUST-0009,Monitor,4,554.53,2218.12,2024-12-29 23:30:49.686281,East,Bob,48
ORD-00643,CUST-0171,Keyboard,2,333.34,666.68,2025-05-04 23:30:49.686281,West,Eve,23
ORD-00644,CUST-0179,Tablet,3,624.41,1873.23,2025-05-07 23:30:49.686281,Central,Alice,63
ORD-00645,CUST-0118,Phone,5,897.99,4489.95,2025-04-12 23:30:49.686281,West,Charlie,56
ORD-00646,CUST-0142,Keyboard,4,471.82,1887.28,2025-05-12 23:30:49.686281,East,Alice,39
ORD-00647,CUST-0123,Keyboard,3,706.86,2120.58,2025-08-09 23:30:49.686281,Central,Bob,55
ORD-00648,CUST-0058,Phone,3,141.31,423.93,2025-08-12 23:30:49.686281,South,Frank,64
ORD-00649,CUST-0172,Monitor,1,367.13,367.13,2024-10-26 23:30:49.686281,East,Alice,28
ORD-00650,CUST-0166,Laptop,5,152.31,761.55,2025-03-10 23:30:49.686281,West,Alice,42
ORD-00651,CUST-0166,Phone,5,501.06,2505.3,2025-08-27 23:30:49.686281,Central,Charlie,26
ORD-00652,CUST-0059,Phone,1,723.05,723.05,2025-05-17 23:30:49.686281,West,Alice,37
ORD-00653,CUST-0079,Keyboard,4,79.85,319.4,2024-09-28 23:30:49.686281,North,Frank,32
ORD-00654,CUST-0181,Keyboard,3,345.19,1035.57,2025-04-02 23:30:49.686281,West,Diana,54
ORD-00655,CUST-0006,Tablet,1,688.53,688.53,2024-10-02 23:30:49.686281,West,Diana,48
ORD-00656,CUST-0134,Headphones,2,222.9,445.8,2025-07-02 23:30:49.686281,South,Eve,54
ORD-00657,CUST-0023,Tablet,4,888.66,3554.64,2024-10-18 23:30:49.686281,East,Eve,36
ORD-00658,CUST-0125,Phone,3,595.4,1786.2,2025-07-06 23:30:49.686281,Central,Eve,56
ORD-00659,CUST-0178,Headphones,2,482.97,965.94,2024-11-24 23:30:49.686281,West,Alice,44
ORD-00660,CUST-0114,Phone,1,267.55,267.55,2025-03-24 23:30:49.686281,West,Diana,63
ORD-00661,CUST-0164,Headphones,4,110.34,441.36,2025-04-22 23:30:49.686281,South,Diana,33
ORD-00662,CUST-0131,Mouse,4,529.83,2119.32,2025-04-17 23:30:49.686281,West,Bob,40
ORD-00663,CUST-0021,Monitor,2,812.58,1625.16,2024-12-30 23:30:49.686281,West,Eve,68
ORD-00664,CUST-0156,Monitor,4,612.68,2450.72,2025-05-30 23:30:49.686281,East,Bob,21
ORD-00665,CUST-0135,Tablet,3,625.67,1877.01,2025-09-15 23:30:49.686281,Central,Frank,26
ORD-00666,CUST-0082,Tablet,4,589.22,2356.88,2025-05-24 23:30:49.686281,South,Eve,25
ORD-00667,CUST-0026,Webcam,3,813.64,2440.92,2025-01-23 23:30:49.686281,West,Alice,38
ORD-00668,CUST-0109,Webcam,2,345.69,691.38,2025-07-02 23:30:49.686281,North,Frank,20
ORD-00669,CUST-0053,Tablet,1,33.02,33.02,2025-01-23 23:30:49.686281,North,Diana,22
ORD-00670,CUST-0171,Keyboard,5,452.29,2261.45,2025-04-18 23:30:49.686281,North,Charlie,47
ORD-00671,CUST-0006,Laptop,4,957.42,3829.68,2024-12-04 23:30:49.686281,West,Charlie,55
ORD-00672,CUST-0056,Monitor,5,506.28,2531.4,2025-01-11 23:30:49.686281,South,Eve,26
ORD-00673,CUST-0063,Headphones,1,122.69,122.69,2025-08-11 23:30:49.686281,East,Bob,43
ORD-00674,CUST-0093,Monitor,3,918.43,2755.29,2025-05-20 23:30:49.686281,West,Diana,18
ORD-00675,CUST-0131,Tablet,1,438.59,438.59,2024-10-01 23:30:49.686281,West,Bob,33
ORD-00676,CUST-0143,Phone,3,488.94,1466.82,2024-12-29 23:30:49.686281,East,Diana,60
ORD-00677,CUST-0110,Laptop,4,726.19,2904.76,2024-10-26 23:30:49.686281,Central,Bob,54
ORD-00678,CUST-0165,Phone,2,520.03,1040.06,2025-05-10 23:30:49.686281,Central,Alice,27
ORD-00679,CUST-0170,Webcam,4,454.53,1818.12,2025-03-19 23:30:49.686281,South,Charlie,30
ORD-00680,CUST-0055,Keyboard,1,870.97,870.97,2025-05-21 23:30:49.686281,East,Bob,46
ORD-00681,CUST-0020,Keyboard,5,797.94,3989.7,2024-11-03 23:30:49.686281,East,Eve,58
ORD-00682,CUST-0087,Keyboard,5,810.73,4053.65,2025-01-28 23:30:49.686281,East,Charlie,43
ORD-00683,CUST-0099,Webcam,1,156.39,156.39,2025-02-16 23:30:49.686281,East,Bob,30
ORD-00684,CUST-0081,Mouse,2,928.67,1857.34,2025-07-27 23:30:49.686281,West,Eve,43
ORD-00685,CUST-0186,Mouse,1,872.43,872.43,2025-08-12 23:30:49.686281,West,Frank,36
ORD-00686,CUST-0116,Laptop,5,388.95,1944.75,2025-01-11 23:30:49.686281,West,Bob,63
ORD-00687,CUST-0034,Headphones,1,425.47,425.47,2025-01-25 23:30:49.686281,East,Alice,57
ORD-00688,CUST-0002,Mouse,2,794.94,1589.88,2025-01-01 23:30:49.686281,South,Frank,38
ORD-00689,CUST-0071,Headphones,2,613.36,1226.72,2025-01-01 23:30:49.686281,East,Charlie,65
ORD-00690,CUST-0092,Keyboard,4,548.08,2192.32,2025-04-03 23:30:49.686281,South,Alice,37
ORD-00691,CUST-0042,Headphones,1,264.97,264.97,2025-03-07 23:30:49.686281,West,Charlie,63
ORD-00692,CUST-0156,Webcam,4,163.1,652.4,2025-02-15 23:30:49.686281,East,Alice,67
ORD-00693,CUST-0162,Headphones,4,678.07,2712.28,2025-02-04 23:30:49.686281,West,Diana,53
ORD-00694,CUST-0154,Mouse,4,614.58,2458.32,2025-09-05 23:30:49.686281,South,Alice,53
ORD-00695,CUST-0123,Tablet,4,57.19,228.76,2024-10-02 23:30:49.686281,West,Eve,26
ORD-00696,CUST-0058,Mouse,3,499.9,1499.7,2025-05-29 23:30:49.686281,West,Eve,40
ORD-00697,CUST-0170,Webcam,2,422.27,844.54,2025-04-26 23:30:49.686281,North,Frank,41
ORD-00698,CUST-0158,Tablet,2,243.48,486.96,2025-03-05 23:30:49.686281,East,Eve,25
ORD-00699,CUST-0084,Headphones,2,547.23,1094.46,2025-07-29 23:30:49.686281,Central,Eve,65
ORD-00700,CUST-0038,Laptop,2,517.85,1035.7,2025-05-02 23:30:49.686281,East,Eve,40
ORD-00701,CUST-0158,Mouse,4,106.67,426.68,2025-08-21 23:30:49.686281,North,Diana,31
ORD-00702,CUST-0027,Phone,2,103.88,207.76,2025-04-22 23:30:49.686281,South,Frank,19
ORD-00703,CUST-0008,Mouse,2,571.08,1142.16,2025-04-15 23:30:49.686281,North,Diana,41
ORD-00704,CUST-0112,Laptop,2,510.42,1020.84,2025-03-13 23:30:49.686281,South,Alice,70
ORD-00705,CUST-0172,Headphones,5,579.11,2895.55,2025-01-25 23:30:49.686281,West,Alice,47
ORD-00706,CUST-0021,Headphones,2,757.28,1514.56,2024-12-20 23:30:49.686281,East,Alice,49
ORD-00707,CUST-0008,Mouse,2,873.92,1747.84,2024-10-12 23:30:49.686281,Central,Alice,39
ORD-00708,CUST-0068,Webcam,3,356.67,1070.01,2024-11-06 23:30:49.686281,South,Diana,52
ORD-00709,CUST-0040,Laptop,3,69.18,207.54,2024-12-03 23:30:49.686281,South,Bob,18
ORD-00710,CUST-0040,Webcam,1,63.4,63.4,2024-10-27 23:30:49.686281,South,Frank,45
ORD-00711,CUST-0177,Tablet,3,256.75,770.25,2025-02-18 23:30:49.686281,Central,Bob,33
ORD-00712,CUST-0051,Monitor,4,145.2,580.8,2025-02-12 23:30:49.686281,North,Diana,63
ORD-00713,CUST-0176,Headphones,3,57.86,173.58,2025-07-19 23:30:49.686281,East,Eve,61
ORD-00714,CUST-0024,Mouse,1,621.34,621.34,2025-04-13 23:30:49.686281,South,Diana,27
ORD-00715,CUST-0129,Tablet,4,687.28,2749.12,2024-12-02 23:30:49.686281,Central,Frank,21
ORD-00716,CUST-0040,Headphones,4,901.86,3607.44,2025-08-23 23:30:49.686281,Central,Frank,30
ORD-00717,CUST-0024,Headphones,5,401.54,2007.7,2024-10-22 23:30:49.686281,West,Alice,32
ORD-00718,CUST-0184,Tablet,2,146.78,293.56,2025-02-10 23:30:49.686281,East,Charlie,57
ORD-00719,CUST-0075,Keyboard,1,349.95,349.95,2025-04-09 23:30:49.686281,East,Diana,27
ORD-00720,CUST-0019,Tablet,1,838.07,838.07,2025-08-17 23:30:49.686281,Central,Alice,64
ORD-00721,CUST-0177,Headphones,3,412.65,1237.95,2024-11-23 23:30:49.686281,North,Alice,35
ORD-00722,CUST-0196,Headphones,5,635.23,3176.15,2024-12-05 23:30:49.686281,North,Eve,59
ORD-00723,CUST-0066,Webcam,4,980.59,3922.36,2025-07-07 23:30:49.686281,North,Alice,51
ORD-00724,CUST-0022,Keyboard,5,262.62,1313.1,2024-10-29 23:30:49.686281,West,Frank,34
ORD-00725,CUST-0157,Tablet,5,270.52,1352.6,2024-10-16 23:30:49.686281,South,Eve,26
ORD-00726,CUST-0029,Monitor,2,280.58,561.16,2025-06-26 23:30:49.686281,East,Frank,30
ORD-00727,CUST-0035,Phone,4,882.68,3530.72,2025-01-29 23:30:49.686281,South,Charlie,39
ORD-00728,CUST-0199,Monitor,2,341.01,682.02,2024-10-18 23:30:49.686281,North,Diana,46
ORD-00729,CUST-0118,Phone,1,896.07,896.07,2025-02-01 23:30:49.686281,Central,Bob,70
ORD-00730,CUST-0198,Phone,2,171.94,343.88,2025-04-11 23:30:49.686281,North,Frank,45
ORD-00731,CUST-0155,Keyboard,3,41.64,124.92,2024-12-18 23:30:49.686281,South,Bob,43
ORD-00732,CUST-0191,Tablet,4,137.05,548.2,2024-11-10 23:30:49.686281,West,Alice,45
ORD-00733,CUST-0053,Mouse,5,618.24,3091.2,2025-09-18 23:30:49.686281,South,Bob,21
ORD-00734,CUST-0035,Phone,5,131.57,657.85,2025-03-08 23:30:49.686281,West,Alice,63
ORD-00735,CUST-0012,Headphones,1,684.28,684.28,2025-07-24 23:30:49.686281,West,Alice,64
ORD-00736,CUST-0139,Phone,1,925.12,925.12,2024-12-15 23:30:49.686281,Central,Diana,32
ORD-00737,CUST-0029,Keyboard,4,228.55,914.2,2024-10-17 23:30:49.686281,North,Eve,50
ORD-00738,CUST-0024,Monitor,2,687.74,1375.48,2024-10-15 23:30:49.686281,North,Frank,65
ORD-00739,CUST-0105,Keyboard,5,891.95,4459.75,2025-04-30 23:30:49.686281,West,Bob,59
ORD-00740,CUST-0111,Phone,5,582.79,2913.95,2025-01-01 23:30:49.686281,North,Alice,56
ORD-00741,CUST-0172,Phone,5,343.54,1717.7,2025-05-19 23:30:49.686281,Central,Bob,39
ORD-00742,CUST-0069,Keyboard,1,679.45,679.45,2025-05-28 23:30:49.686281,South,Eve,21
ORD-00743,CUST-0060,Webcam,1,919.43,919.43,2024-12-04 23:30:49.686281,North,Eve,59
ORD-00744,CUST-0121,Laptop,2,187.65,375.3,2025-01-04 23:30:49.686281,South,Bob,70
ORD-00745,CUST-0121,Mouse,3,873.31,2619.93,2025-02-15 23:30:49.686281,Central,Diana,39
ORD-00746,CUST-0101,Keyboard,2,415.92,831.84,2024-11-30 23:30:49.686281,Central,Frank,18
ORD-00747,CUST-0189,Monitor,3,585.3,1755.9,2024-11-18 23:30:49.686281,North,Alice,47
ORD-00748,CUST-0127,Headphones,2,368.31,736.62,2025-03-25 23:30:49.686281,West,Eve,45
ORD-00749,CUST-0192,Tablet,3,356.26,1068.78,2025-03-01 23:30:49.686281,South,Diana,56
ORD-00750,CUST-0059,Phone,2,675.34,1350.68,2025-02-18 23:30:49.686281,East,Bob,23
ORD-00751,CUST-0048,Keyboard,2,747.84,1495.68,2024-11-22 23:30:49.686281,West,Diana,32
ORD-00752,CUST-0016,Phone,5,694.89,3474.45,2025-05-19 23:30:49.686281,North,Diana,68
ORD-00753,CUST-0017,Webcam,4,359.99,1439.96,2025-05-22 23:30:49.686281,South,Alice,63
ORD-00754,CUST-0080,Monitor,5,670.37,3351.85,2025-08-10 23:30:49.686281,East,Bob,29
ORD-00755,CUST-0075,Keyboard,2,73.03,146.06,2025-03-23 23:30:49.686281,Central,Frank,35
ORD-00756,CUST-0185,Phone,1,412.55,412.55,2024-10-30 23:30:49.686281,Central,Charlie,35
ORD-00757,CUST-0058,Phone,4,759.49,3037.96,2025-05-27 23:30:49.686281,North,Eve,56
ORD-00758,CUST-0159,Keyboard,4,621.9,2487.6,2025-06-24 23:30:49.686281,North,Diana,24
ORD-00759,CUST-0111,Keyboard,4,79.73,318.92,2025-05-14 23:30:49.686281,North,Diana,50
ORD-00760,CUST-0046,Phone,3,204.37,613.11,2025-03-27 23:30:49.686281,West,Diana,27
ORD-00761,CUST-0121,Monitor,1,387.11,387.11,2024-09-28 23:30:49.686281,Central,Diana,67
ORD-00762,CUST-0113,Phone,5,816.69,4083.45,2025-09-22 23:30:49.686281,East,Alice,36
ORD-00763,CUST-0071,Laptop,5,607.79,3038.95,2025-06-15 23:30:49.686281,Central,Alice,31
ORD-00764,CUST-0064,Webcam,4,521.2,2084.8,2025-01-10 23:30:49.686281,East,Diana,19
ORD-00765,CUST-0004,Monitor,3,363.35,1090.05,2025-03-19 23:30:49.686281,North,Alice,41
ORD-00766,CUST-0105,Phone,4,375.01,1500.04,2025-04-27 23:30:49.686281,South,Bob,47
ORD-00767,CUST-0068,Laptop,3,736.38,2209.14,2024-12-26 23:30:49.686281,North,Frank,39
ORD-00768,CUST-0112,Tablet,5,617.02,3085.1,2024-09-30 23:30:49.686281,West,Charlie,48
ORD-00769,CUST-0174,Tablet,1,823.12,823.12,2025-01-01 23:30:49.686281,North,Eve,32
ORD-00770,CUST-0126,Keyboard,5,91.6,458.0,2025-04-22 23:30:49.686281,Central,Alice,26
ORD-00771,CUST-0156,Phone,4,812.09,3248.36,2025-01-04 23:30:49.686281,South,Frank,20
ORD-00772,CUST-0109,Mouse,2,893.78,1787.56,2024-11-04 23:30:49.686281,Central,Bob,54
ORD-00773,CUST-0036,Headphones,1,918.65,918.65,2025-04-17 23:30:49.686281,Central,Diana,26
ORD-00774,CUST-0111,Webcam,5,966.37,4831.85,2025-08-08 23:30:49.686281,North,Frank,25
ORD-00775,CUST-0156,Tablet,2,926.24,1852.48,2025-05-29 23:30:49.686281,North,Frank,48
ORD-00776,CUST-0090,Phone,3,447.65,1342.95,2024-10-11 23:30:49.686281,East,Frank,25
ORD-00777,CUST-0154,Monitor,2,520.49,1040.98,2025-08-09 23:30:49.686281,East,Diana,47
ORD-00778,CUST-0100,Laptop,3,777.6,2332.8,2025-07-22 23:30:49.686281,East,Diana,70
ORD-00779,CUST-0099,Phone,1,713.97,713.97,2025-03-03 23:30:49.686281,East,Bob,60
ORD-00780,CUST-0052,Mouse,1,860.21,860.21,2025-03-27 23:30:49.686281,East,Charlie,57
ORD-00781,CUST-0114,Keyboard,5,419.87,2099.35,2024-10-24 23:30:49.686281,Central,Alice,44
ORD-00782,CUST-0121,Laptop,3,255.88,767.64,2025-09-15 23:30:49.686281,East,Alice,35
ORD-00783,CUST-0099,Headphones,5,782.49,3912.45,2025-08-21 23:30:49.686281,South,Bob,29
ORD-00784,CUST-0069,Phone,2,733.61,1467.22,2024-11-01 23:30:49.686281,Central,Alice,23
ORD-00785,CUST-0096,Headphones,3,717.43,2152.29,2025-09-15 23:30:49.686281,North,Frank,42
ORD-00786,CUST-0198,Keyboard,2,933.11,1866.22,2025-06-03 23:30:49.686281,Central,Bob,32
ORD-00787,CUST-0103,Tablet,3,144.82,434.46,2025-07-09 23:30:49.686281,South,Bob,24
ORD-00788,CUST-0031,Laptop,2,379.49,758.98,2025-03-15 23:30:49.686281,West,Bob,22
ORD-00789,CUST-0189,Webcam,5,855.38,4276.9,2024-11-27 23:30:49.686281,Central,Eve,24
ORD-00790,CUST-0063,Mouse,5,390.76,1953.8,2025-06-01 23:30:49.686281,North,Eve,20
ORD-00791,CUST-0050,Webcam,5,303.59,1517.95,2025-09-10 23:30:49.686281,North,Alice,33
ORD-00792,CUST-0167,Webcam,5,522.56,2612.8,2025-06-13 23:30:49.686281,West,Frank,52
ORD-00793,CUST-0151,Headphones,3,471.89,1415.67,2025-04-29 23:30:49.686281,North,Diana,50
ORD-00794,CUST-0098,Phone,2,588.48,1176.96,2025-07-08 23:30:49.686281,Central,Eve,24
ORD-00795,CUST-0139,Monitor,1,717.66,717.66,2025-01-06 23:30:49.686281,North,Alice,52
ORD-00796,CUST-0178,Mouse,1,423.22,423.22,2024-12-21 23:30:49.686281,West,Bob,29
ORD-00797,CUST-0140,Mouse,5,795.94,3979.7,2024-12-10 23:30:49.686281,Central,Diana,47
ORD-00798,CUST-0022,Monitor,2,486.32,972.64,2025-03-12 23:30:49.686281,Central,Alice,22
ORD-00799,CUST-0150,Webcam,1,847.26,847.26,2025-05-25 23:30:49.686281,Central,Eve,36
ORD-00800,CUST-0006,Mouse,5,381.16,1905.8,2025-02-21 23:30:49.686281,East,Alice,58
ORD-00801,CUST-0102,Keyboard,1,259.45,259.45,2025-07-16 23:30:49.686281,South,Bob,39
ORD-00802,CUST-0033,Headphones,2,106.59,213.18,2025-05-29 23:30:49.686281,East,Eve,55
ORD-00803,CUST-0184,Tablet,4,923.29,3693.16,2024-10-04 23:30:49.686281,Central,Bob,48
ORD-00804,CUST-0116,Webcam,5,30.42,152.1,2025-06-28 23:30:49.686281,North,Frank,22
ORD-00805,CUST-0128,Webcam,4,856.19,3424.76,2025-07-02 23:30:49.686281,North,Eve,34
ORD-00806,CUST-0181,Phone,1,249.66,249.66,2025-05-25 23:30:49.686281,North,Alice,53
ORD-00807,CUST-0109,Keyboard,1,475.22,475.22,2025-04-10 23:30:49.686281,North,Frank,70
ORD-00808,CUST-0026,Keyboard,4,862.71,3450.84,2025-01-22 23:30:49.686281,East,Bob,59
ORD-00809,CUST-0101,Monitor,4,922.04,3688.16,2025-02-08 23:30:49.686281,East,Eve,54
ORD-00810,CUST-0105,Phone,2,822.03,1644.06,2025-08-18 23:30:49.686281,East,Frank,60
ORD-00811,CUST-0081,Mouse,4,73.15,292.6,2024-10-12 23:30:49.686281,East,Bob,56
ORD-00812,CUST-0184,Keyboard,2,312.03,624.06,2024-11-11 23:30:49.686281,West,Charlie,66
ORD-00813,CUST-0129,Monitor,3,46.36,139.08,2024-10-12 23:30:49.686281,North,Bob,25
ORD-00814,CUST-0196,Laptop,5,464.22,2321.1,2025-02-09 23:30:49.686281,Central,Charlie,56
ORD-00815,CUST-0102,Keyboard,4,855.74,3422.96,2025-07-30 23:30:49.686281,North,Alice,38
ORD-00816,CUST-0193,Keyboard,5,856.75,4283.75,2024-10-05 23:30:49.686281,Central,Diana,25
ORD-00817,CUST-0084,Laptop,4,567.0,2268.0,2025-03-03 23:30:49.686281,West,Diana,24
ORD-00818,CUST-0082,Keyboard,4,503.12,2012.48,2025-04-02 23:30:49.686281,East,Bob,33
ORD-00819,CUST-0138,Phone,1,560.27,560.27,2025-05-15 23:30:49.686281,North,Charlie,54
ORD-00820,CUST-0097,Laptop,4,820.14,3280.56,2025-01-27 23:30:49.686281,Central,Diana,64
ORD-00821,CUST-0159,Keyboard,1,702.23,702.23,2025-09-15 23:30:49.686281,West,Charlie,67
ORD-00822,CUST-0167,Tablet,1,633.41,633.41,2025-08-25 23:30:49.686281,North,Alice,58
ORD-00823,CUST-0057,Webcam,3,618.11,1854.33,2025-02-04 23:30:49.686281,North,Eve,34
ORD-00824,CUST-0058,Keyboard,5,455.16,2275.8,2025-04-19 23:30:49.686281,North,Charlie,61
ORD-00825,CUST-0179,Mouse,2,216.7,433.4,2024-12-22 23:30:49.686281,East,Bob,39
ORD-00826,CUST-0097,Headphones,4,554.94,2219.76,2025-06-04 23:30:49.686281,Central,Alice,23
ORD-00827,CUST-0108,Phone,1,543.74,543.74,2024-10-24 23:30:49.686281,East,Eve,25
ORD-00828,CUST-0160,Keyboard,1,609.46,609.46,2025-08-26 23:30:49.686281,West,Eve,33
ORD-00829,CUST-0025,Tablet,3,703.7,2111.1,2024-09-29 23:30:49.686281,Central,Frank,34
ORD-00830,CUST-0152,Laptop,1,343.49,343.49,2025-03-28 23:30:49.686281,West,Diana,47
ORD-00831,CUST-0089,Laptop,5,321.68,1608.4,2025-06-29 23:30:49.686281,North,Eve,52
ORD-00832,CUST-0068,Headphones,4,626.66,2506.64,2024-10-31 23:30:49.686281,West,Frank,32
ORD-00833,CUST-0059,Headphones,1,230.44,230.44,2025-03-17 23:30:49.686281,East,Eve,66
ORD-00834,CUST-0049,Headphones,4,970.72,3882.88,2025-06-14 23:30:49.686281,East,Charlie,29
ORD-00835,CUST-0045,Webcam,2,394.62,789.24,2024-10-29 23:30:49.686281,West,Alice,64
ORD-00836,CUST-0079,Monitor,4,692.94,2771.76,2025-09-05 23:30:49.686281,Central,Bob,47
ORD-00837,CUST-0128,Phone,2,396.62,793.24,2025-04-28 23:30:49.686281,North,Bob,32
ORD-00838,CUST-0066,Monitor,5,408.56,2042.8,2025-04-12 23:30:49.686281,South,Eve,18
ORD-00839,CUST-0058,Mouse,4,945.2,3780.8,2025-05-11 23:30:49.686281,West,Diana,38
ORD-00840,CUST-0177,Phone,3,841.62,2524.86,2025-02-17 23:30:49.686281,West,Charlie,42
ORD-00841,CUST-0050,Tablet,1,562.12,562.12,2025-04-10 23:30:49.686281,East,Eve,21
ORD-00842,CUST-0167,Phone,2,382.52,765.04,2025-04-07 23:30:49.686281,North,Eve,24
ORD-00843,CUST-0037,Laptop,3,718.83,2156.49,2025-03-04 23:30:49.686281,South,Bob,30
ORD-00844,CUST-0170,Monitor,2,584.83,1169.66,2025-05-20 23:30:49.686281,East,Eve,56
ORD-00845,CUST-0151,Headphones,4,824.07,3296.28,2025-05-02 23:30:49.686281,Central,Frank,31
ORD-00846,CUST-0170,Mouse,1,126.47,126.47,2025-04-14 23:30:49.686281,North,Bob,37
ORD-00847,CUST-0062,Phone,4,540.01,2160.04,2025-08-16 23:30:49.686281,North,Bob,25
ORD-00848,CUST-0053,Monitor,5,294.34,1471.7,2024-10-09 23:30:49.686281,South,Bob,55
ORD-00849,CUST-0078,Headphones,5,98.86,494.3,2025-04-01 23:30:49.686281,Central,Charlie,62
ORD-00850,CUST-0144,Monitor,3,847.17,2541.51,2025-05-22 23:30:49.686281,West,Charlie,31
ORD-00851,CUST-0127,Phone,5,390.51,1952.55,2025-07-02 23:30:49.686281,East,Charlie,22
ORD-00852,CUST-0008,Phone,1,371.83,371.83,2024-10-04 23:30:49.686281,Central,Alice,20
ORD-00853,CUST-0063,Phone,1,868.0,868.0,2025-06-23 23:30:49.686281,East,Bob,69
ORD-00854,CUST-0141,Keyboard,4,438.62,1754.48,2025-06-04 23:30:49.686281,South,Diana,36
ORD-00855,CUST-0081,Headphones,1,460.5,460.5,2024-10-24 23:30:49.686281,West,Alice,24
ORD-00856,CUST-0044,Monitor,5,85.8,429.0,2025-01-26 23:30:49.686281,West,Diana,22
ORD-00857,CUST-0173,Monitor,3,127.26,381.78,2025-01-19 23:30:49.686281,South,Bob,65
ORD-00858,CUST-0009,Keyboard,3,587.72,1763.16,2024-11-20 23:30:49.686281,North,Bob,66
ORD-00859,CUST-0070,Tablet,1,987.58,987.58,2025-07-25 23:30:49.686281,Central,Frank,44
ORD-00860,CUST-0045,Phone,2,849.12,1698.24,2025-07-12 23:30:49.686281,West,Eve,26
ORD-00861,CUST-0107,Headphones,4,688.27,2753.08,2025-01-16 23:30:49.686281,West,Eve,60
ORD-00862,CUST-0042,Headphones,1,429.37,429.37,2025-01-27 23:30:49.686281,East,Frank,27
ORD-00863,CUST-0145,Headphones,1,870.77,870.77,2024-11-14 23:30:49.686281,West,Bob,35
ORD-00864,CUST-0058,Headphones,4,224.62,898.48,2025-03-23 23:30:49.686281,South,Diana,35
ORD-00865,CUST-0117,Monitor,5,232.99,1164.95,2024-12-01 23:30:49.686281,East,Bob,18
ORD-00866,CUST-0059,Tablet,1,887.34,887.34,2024-09-27 23:30:49.686281,North,Eve,40
ORD-00867,CUST-0100,Mouse,1,385.78,385.78,2024-11-27 23:30:49.686281,West,Charlie,27
ORD-00868,CUST-0183,Monitor,5,122.46,612.3,2025-01-08 23:30:49.686281,South,Bob,32
ORD-00869,CUST-0163,Webcam,3,307.81,923.43,2025-02-21 23:30:49.686281,South,Frank,30
ORD-00870,CUST-0042,Monitor,3,645.71,1937.13,2025-05-21 23:30:49.686281,Central,Frank,32
ORD-00871,CUST-0131,Laptop,5,765.54,3827.7,2025-05-16 23:30:49.686281,South,Bob,43
ORD-00872,CUST-0128,Mouse,5,427.36,2136.8,2025-02-07 23:30:49.686281,East,Frank,69
ORD-00873,CUST-0145,Keyboard,2,128.42,256.84,2024-11-19 23:30:49.686281,Central,Eve,30
ORD-00874,CUST-0079,Monitor,2,458.04,916.08,2025-06-07 23:30:49.686281,West,Diana,24
ORD-00875,CUST-0124,Webcam,1,113.14,113.14,2025-04-13 23:30:49.686281,East,Diana,24
ORD-00876,CUST-0151,Monitor,4,816.98,3267.92,2024-12-29 23:30:49.686281,South,Diana,65
ORD-00877,CUST-0055,Monitor,5,540.09,2700.45,2024-10-12 23:30:49.686281,North,Charlie,57
ORD-00878,CUST-0067,Phone,5,257.55,1287.75,2025-08-11 23:30:49.686281,North,Diana,36
ORD-00879,CUST-0061,Keyboard,2,704.11,1408.22,2025-08-17 23:30:49.686281,Central,Frank,40
ORD-00880,CUST-0131,Laptop,4,331.7,1326.8,2025-08-13 23:30:49.686281,East,Diana,41
ORD-00881,CUST-0139,Headphones,4,857.87,3431.48,2025-07-02 23:30:49.686281,Central,Eve,40
ORD-00882,CUST-0106,Keyboard,1,870.43,870.43,2025-03-26 23:30:49.686281,North,Diana,44
ORD-00883,CUST-0012,Webcam,1,607.38,607.38,2025-03-27 23:30:49.686281,West,Charlie,34
ORD-00884,CUST-0055,Laptop,5,844.65,4223.25,2025-04-13 23:30:49.686281,East,Diana,40
ORD-00885,CUST-0150,Phone,3,124.32,372.96,2025-09-17 23:30:49.686281,South,Charlie,41
ORD-00886,CUST-0115,Tablet,1,126.54,126.54,2025-04-27 23:30:49.686281,North,Charlie,51
ORD-00887,CUST-0071,Webcam,3,576.4,1729.2,2025-06-14 23:30:49.686281,South,Frank,31
ORD-00888,CUST-0181,Monitor,1,529.4,529.4,2025-07-25 23:30:49.686281,South,Frank,33
ORD-00889,CUST-0029,Webcam,4,142.41,569.64,2024-11-20 23:30:49.686281,East,Alice,30
ORD-00890,CUST-0021,Headphones,4,63.86,255.44,2025-05-04 23:30:49.686281,North,Eve,19
ORD-00891,CUST-0076,Headphones,4,945.38,3781.52,2025-05-12 23:30:49.686281,East,Bob,27
ORD-00892,CUST-0173,Tablet,1,520.66,520.66,2024-12-06 23:30:49.686281,South,Frank,40
ORD-00893,CUST-0016,Tablet,2,181.74,363.48,2025-08-26 23:30:49.686281,West,Alice,49
ORD-00894,CUST-0156,Tablet,3,594.74,1784.22,2025-08-28 23:30:49.686281,North,Diana,20
ORD-00895,CUST-0083,Monitor,3,239.22,717.66,2025-04-05 23:30:49.686281,East,Diana,50
ORD-00896,CUST-0097,Headphones,4,506.9,2027.6,2025-08-23 23:30:49.686281,South,Charlie,18
ORD-00897,CUST-0028,Tablet,1,689.4,689.4,2025-03-05 23:30:49.686281,East,Frank,36
ORD-00898,CUST-0061,Laptop,3,583.81,1751.43,2024-11-27 23:30:49.686281,East,Eve,59
ORD-00899,CUST-0060,Mouse,2,320.1,640.2,2025-05-09 23:30:49.686281,West,Frank,56
ORD-00900,CUST-0019,Phone,1,124.08,124.08,2025-01-12 23:30:49.686281,West,Eve,60
ORD-00901,CUST-0047,Phone,1,188.83,188.83,2025-03-12 23:30:49.686281,South,Alice,48
ORD-00902,CUST-0161,Tablet,4,109.78,439.12,2025-03-21 23:30:49.686281,North,Alice,54
ORD-00903,CUST-0002,Mouse,3,911.5,2734.5,2025-07-08 23:30:49.686281,North,Alice,51
ORD-00904,CUST-0098,Keyboard,4,977.96,3911.84,2025-08-08 23:30:49.686281,South,Diana,49
ORD-00905,CUST-0127,Monitor,5,446.33,2231.65,2025-08-08 23:30:49.686281,East,Bob,58
ORD-00906,CUST-0100,Monitor,3,834.72,2504.16,2024-12-07 23:30:49.686281,Central,Frank,69
ORD-00907,CUST-0191,Webcam,3,257.82,773.46,2025-08-06 23:30:49.686281,West,Bob,52
ORD-00908,CUST-0030,Tablet,4,271.15,1084.6,2024-12-20 23:30:49.686281,South,Frank,65
ORD-00909,CUST-0165,Keyboard,3,564.35,1693.05,2025-06-05 23:30:49.686281,Central,Charlie,66
ORD-00910,CUST-0170,Webcam,5,782.0,3910.0,2025-06-17 23:30:49.686281,East,Alice,19
ORD-00911,CUST-0083,Webcam,5,665.71,3328.55,2025-04-02 23:30:49.686281,South,Diana,47
ORD-00912,CUST-0164,Headphones,5,118.42,592.1,2024-12-02 23:30:49.686281,North,Frank,27
ORD-00913,CUST-0048,Tablet,1,240.87,240.87,2025-03-04 23:30:49.686281,East,Frank,36
ORD-00914,CUST-0032,Phone,4,115.0,460.0,2025-08-07 23:30:49.686281,North,Charlie,24
ORD-00915,CUST-0092,Monitor,3,614.94,1844.82,2025-08-31 23:30:49.686281,North,Diana,20
ORD-00916,CUST-0054,Monitor,3,946.41,2839.23,2025-01-05 23:30:49.686281,Central,Bob,69
ORD-00917,CUST-0009,Monitor,5,551.27,2756.35,2025-09-12 23:30:49.686281,North,Charlie,25
ORD-00918,CUST-0042,Monitor,5,391.28,1956.4,2025-09-13 23:30:49.686281,Central,Alice,19
ORD-00919,CUST-0059,Webcam,2,107.78,215.56,2024-11-09 23:30:49.686281,North,Charlie,64
ORD-00920,CUST-0115,Mouse,2,80.59,161.18,2025-07-28 23:30:49.686281,South,Eve,35
ORD-00921,CUST-0039,Mouse,1,126.17,126.17,2025-03-13 23:30:49.686281,South,Bob,64
ORD-00922,CUST-0186,Tablet,1,561.0,561.0,2024-10-06 23:30:49.686281,East,Bob,20
ORD-00923,CUST-0159,Phone,4,687.51,2750.04,2025-03-26 23:30:49.686281,West,Alice,20
ORD-00924,CUST-0090,Phone,2,950.92,1901.84,2025-04-12 23:30:49.686281,East,Diana,60
ORD-00925,CUST-0171,Laptop,2,597.92,1195.84,2025-05-06 23:30:49.686281,East,Bob,38
ORD-00926,CUST-0118,Keyboard,3,889.37,2668.11,2024-11-29 23:30:49.686281,Central,Frank,39
ORD-00927,CUST-0043,Tablet,3,921.0,2763.0,2024-11-01 23:30:49.686281,East,Charlie,51
ORD-00928,CUST-0039,Mouse,4,939.87,3759.48,2025-04-17 23:30:49.686281,Central,Eve,22
ORD-00929,CUST-0169,Mouse,3,915.53,2746.59,2025-07-03 23:30:49.686281,North,Alice,68
ORD-00930,CUST-0127,Headphones,1,302.73,302.73,2025-09-02 23:30:49.686281,East,Diana,20
ORD-00931,CUST-0062,Tablet,5,944.29,4721.45,2025-09-12 23:30:49.686281,East,Alice,54
ORD-00932,CUST-0037,Tablet,1,712.56,712.56,2024-09-30 23:30:49.686281,East,Frank,70
ORD-00933,CUST-0050,Webcam,5,31.91,159.55,2025-08-08 23:30:49.686281,Central,Alice,58
ORD-00934,CUST-0122,Phone,3,138.27,414.81,2025-04-29 23:30:49.686281,North,Alice,52
ORD-00935,CUST-0096,Keyboard,3,916.39,2749.17,2025-05-15 23:30:49.686281,Central,Charlie,33
ORD-00936,CUST-0025,Tablet,1,108.18,108.18,2025-09-20 23:30:49.686281,North,Charlie,62
ORD-00937,CUST-0180,Laptop,2,805.84,1611.68,2025-06-14 23:30:49.686281,East,Eve,46
ORD-00938,CUST-0044,Keyboard,3,918.0,2754.0,2025-09-17 23:30:49.686281,Central,Frank,20
ORD-00939,CUST-0069,Laptop,3,887.67,2663.01,2025-09-03 23:30:49.686281,North,Charlie,19
ORD-00940,CUST-0198,Phone,4,910.74,3642.96,2024-10-31 23:30:49.686281,West,Frank,69
ORD-00941,CUST-0023,Mouse,2,829.35,1658.7,2024-12-28 23:30:49.686281,North,Frank,45
ORD-00942,CUST-0127,Webcam,4,473.18,1892.72,2024-11-27 23:30:49.686281,North,Charlie,22
ORD-00943,CUST-0048,Tablet,4,943.68,3774.72,2025-01-25 23:30:49.686281,North,Alice,23
ORD-00944,CUST-0140,Mouse,3,587.93,1763.79,2025-05-23 23:30:49.686281,West,Eve,46
ORD-00945,CUST-0145,Monitor,2,579.33,1158.66,2025-02-04 23:30:49.686281,Central,Frank,49
ORD-00946,CUST-0184,Laptop,3,287.19,861.57,2025-04-09 23:30:49.686281,South,Alice,49
ORD-00947,CUST-0110,Mouse,2,656.72,1313.44,2025-01-11 23:30:49.686281,East,Bob,67
ORD-00948,CUST-0088,Webcam,5,269.88,1349.4,2025-05-22 23:30:49.686281,South,Bob,61
ORD-00949,CUST-0042,Tablet,4,710.38,2841.52,2024-10-02 23:30:49.686281,North,Bob,52
ORD-00950,CUST-0101,Headphones,3,835.24,2505.72,2025-05-04 23:30:49.686281,East,Bob,44
ORD-00951,CUST-0034,Phone,4,592.07,2368.28,2025-01-10 23:30:49.686281,East,Charlie,26
ORD-00952,CUST-0064,Monitor,2,758.78,1517.56,2025-01-23 23:30:49.686281,Central,Bob,30
ORD-00953,CUST-0174,Tablet,4,205.34,821.36,2025-01-18 23:30:49.686281,North,Bob,28
ORD-00954,CUST-0045,Mouse,3,603.41,1810.23,2025-01-06 23:30:49.686281,East,Frank,53
ORD-00955,CUST-0135,Mouse,4,167.14,668.56,2025-02-08 23:30:49.686281,East,Diana,54
ORD-00956,CUST-0196,Laptop,5,907.15,4535.75,2025-04-30 23:30:49.686281,East,Eve,35
ORD-00957,CUST-0055,Phone,2,398.66,797.32,2025-03-02 23:30:49.686281,South,Charlie,62
ORD-00958,CUST-0097,Tablet,5,879.26,4396.3,2024-12-30 23:30:49.686281,South,Alice,25
ORD-00959,CUST-0161,Keyboard,2,403.93,807.86,2025-06-05 23:30:49.686281,East,Frank,25
ORD-00960,CUST-0014,Webcam,1,937.2,937.2,2025-06-06 23:30:49.686281,Central,Alice,51
ORD-00961,CUST-0083,Keyboard,1,399.1,399.1,2025-06-04 23:30:49.686281,North,Alice,56
ORD-00962,CUST-0099,Monitor,2,997.23,1994.46,2024-12-23 23:30:49.686281,Central,Eve,43
ORD-00963,CUST-0079,Keyboard,5,95.71,478.55,2025-05-12 23:30:49.686281,East,Charlie,57
ORD-00964,CUST-0023,Keyboard,3,278.87,836.61,2024-12-19 23:30:49.686281,North,Charlie,63
ORD-00965,CUST-0042,Phone,2,936.03,1872.06,2024-10-05 23:30:49.686281,East,Charlie,52
ORD-00966,CUST-0122,Webcam,2,260.92,521.84,2024-11-15 23:30:49.686281,Central,Charlie,29
ORD-00967,CUST-0057,Laptop,2,676.2,1352.4,2025-07-01 23:30:49.686281,East,Charlie,27
ORD-00968,CUST-0133,Monitor,3,892.27,2676.81,2025-01-23 23:30:49.686281,Central,Charlie,63
ORD-00969,CUST-0006,Phone,4,516.97,2067.88,2024-10-11 23:30:49.686281,North,Diana,25
ORD-00970,CUST-0087,Monitor,4,206.25,825.0,2025-05-04 23:30:49.686281,South,Alice,48
ORD-00971,CUST-0168,Headphones,3,57.68,173.04,2024-12-05 23:30:49.686281,West,Eve,18
ORD-00972,CUST-0153,Laptop,4,122.04,488.16,2025-05-08 23:30:49.686281,East,Charlie,45
ORD-00973,CUST-0121,Laptop,5,48.73,243.65,2025-03-08 23:30:49.686281,North,Diana,45
ORD-00974,CUST-0184,Phone,1,719.93,719.93,2025-05-29 23:30:49.686281,North,Diana,35
ORD-00975,CUST-0089,Monitor,4,920.52,3682.08,2024-11-18 23:30:49.686281,North,Eve,45
ORD-00976,CUST-0057,Phone,3,953.64,2860.92,2025-08-17 23:30:49.686281,Central,Alice,54
ORD-00977,CUST-0003,Headphones,1,339.89,339.89,2025-03-21 23:30:49.686281,East,Frank,69
ORD-00978,CUST-0052,Keyboard,3,406.36,1219.08,2025-02-17 23:30:49.686281,Central,Frank,49
ORD-00979,CUST-0096,Webcam,3,551.7,1655.1,2025-03-07 23:30:49.686281,West,Diana,65
ORD-00980,CUST-0105,Webcam,5,101.06,505.3,2025-03-18 23:30:49.686281,Central,Bob,20
ORD-00981,CUST-0176,Keyboard,4,994.04,3976.16,2025-04-10 23:30:49.686281,North,Frank,57
ORD-00982,CUST-0013,Monitor,3,366.81,1100.43,2024-12-03 23:30:49.686281,Central,Frank,18
ORD-00983,CUST-0053,Webcam,5,588.85,2944.25,2025-05-14 23:30:49.686281,Central,Charlie,34
ORD-00984,CUST-0041,Keyboard,1,819.16,819.16,2025-02-08 23:30:49.686281,East,Frank,46
ORD-00985,CUST-0064,Phone,5,985.32,4926.6,2025-05-17 23:30:49.686281,West,Frank,69
ORD-00986,CUST-0025,Phone,3,688.54,2065.62,2024-11-10 23:30:49.686281,West,Eve,42
ORD-00987,CUST-0055,Phone,5,697.26,3486.3,2025-07-30 23:30:49.686281,South,Alice,25
ORD-00988,CUST-0094,Headphones,2,617.92,1235.84,2025-04-25 23:30:49.686281,South,Alice,68
ORD-00989,CUST-0015,Headphones,1,387.78,387.78,2025-02-08 23:30:49.686281,North,Frank,18
ORD-00990,CUST-0005,Phone,3,983.04,2949.12,2025-08-29 23:30:49.686281,South,Alice,38
ORD-00991,CUST-0002,Phone,4,389.59,1558.36,2025-02-21 23:30:49.686281,West,Bob,20
ORD-00992,CUST-0112,Headphones,5,525.28,2626.4,2025-09-10 23:30:49.686281,South,Eve,41
ORD-00993,CUST-0110,Tablet,3,542.91,1628.73,2025-03-11 23:30:49.686281,North,Bob,56
ORD-00994,CUST-0057,Mouse,5,67.81,339.05,2025-01-11 23:30:49.686281,North,Alice,60
ORD-00995,CUST-0195,Mouse,2,398.04,796.08,2024-10-27 23:30:49.686281,Central,Alice,19
ORD-00996,CUST-0069,Monitor,4,430.37,1721.48,2025-07-26 23:30:49.686281,West,Bob,54
ORD-00997,CUST-0059,Laptop,3,931.5,2794.5,2025-06-04 23:30:49.686281,South,Eve,26
ORD-00998,CUST-0176,Tablet,4,910.68,3642.72,2024-10-10 23:30:49.686281,North,Diana,47
ORD-00999,CUST-0149,Headphones,2,663.71,1327.42,2025-02-28 23:30:49.686281,Central,Bob,38
ORD-01000,CUST-0004,Phone,5,564.12,2820.6,2025-02-09 23:30:49.686281,Central,Frank,20
